levelId,levelName,sourceColorId,sourceHex,semanticFamily,usage,localColorId,localName,localHex,mappingScore,topCandidates,isHighRisk
1,引导关,0,#FFFFFF,米白/白,72,20,米白,#F2EDE4,-2.147,20米白:-2.147 / 15浅紫:26.257 / 6米黄:31.651,False
1,引导关,1,#440823,粉,48,17,酒红,#782F3C,40.881,17酒红:40.881 / 1粉红:57.643 / 19深灰:63.712,True
1,引导关,2,#133113,绿,17,12,深绿,#207955,38.694,12深绿:38.694 / 19深灰:57.21 / 11绿色:68.036,False
1,引导关,3,#30DD30,绿,11,11,绿色,#37A92D,29.259,11绿色:29.259 / 9黄绿:43.382 / 12深绿:80.044,False
1,引导关,4,#178DED,天蓝,12,13,天蓝,#20A8DC,32.219,13天蓝:32.219 / 7蓝色:45.574 / 18深蓝:61.834,False
1,引导关,5,#F6EFEE,米白/白,2,20,米白,#F2EDE4,-5.706,20米白:-5.706 / 15浅紫:22.433 / 6米黄:29.254,False
1,引导关,6,#082A45,天蓝,3,19,深灰,#373737,53.477,19深灰:53.477 / 18深蓝:54.954 / 13天蓝:54.992,True
1,引导关,7,#F0237F,粉,12,1,粉红,#ED5090,13.949,1粉红:13.949 / 17酒红:71.165 / 10红色:78.169,False
1,引导关,8,#83468F,紫,4,18,深蓝,#36387E,33.128,18深蓝:33.128 / 8紫色:46.186 / 7蓝色:47.233,False
1,引导关,9,#2D1133,紫,3,18,深蓝,#36387E,38.142,18深蓝:38.142 / 19深灰:61.297 / 17酒红:62.633,False
2,七彩小熊,0,#6953AE,蓝,97,18,深蓝,#36387E,21.448,18深蓝:21.448 / 7蓝色:26.184 / 8紫色:39.728,False
2,七彩小熊,1,#FE6158,红,48,10,红色,#EA281A,24.774,10红色:24.774 / 16棕色:40.443 / 1粉红:44.12,False
2,七彩小熊,2,#FFAF69,橙/棕,48,4,橙色,#FE8B10,15.461,4橙色:15.461 / 5肤色:26.181 / 16棕色:39.926,False
2,七彩小熊,3,#FFE27D,黄,48,3,黄色,#F8C811,3.128,3黄色:3.128 / 9黄绿:47.226 / 4橙色:52.102,False
2,七彩小熊,4,#88FF95,绿,48,11,绿色,#37A92D,34.178,11绿色:34.178 / 9黄绿:47.736 / 12深绿:62.72,False
2,七彩小熊,5,#77F7FF,青,48,2,青色,#4EEAEA,9.468,2青色:9.468 / 13天蓝:39.982 / 12深绿:57.989,False
2,七彩小熊,6,#6A9CFF,天蓝,48,13,天蓝,#20A8DC,38.161,13天蓝:38.161 / 7蓝色:42.24 / 18深蓝:62.743,False
2,七彩小熊,7,#FFFFFF,米白/白,5,20,米白,#F2EDE4,-2.147,20米白:-2.147 / 15浅紫:26.257 / 6米黄:31.651,False
2,七彩小熊,8,#CC9BF8,紫,48,7,蓝色,#4A4DCF,48.291,7蓝色:48.291 / 8紫色:51.937 / 18深蓝:52.829,False
3,珍珠耳环少女,0,#312C45,蓝,69,18,深蓝,#36387E,31.479,18深蓝:31.479 / 19深灰:49.608 / 13天蓝:65.694,False
3,珍珠耳环少女,1,#FFBC3F,黄,54,3,黄色,#F8C811,-9.557,3黄色:-9.557 / 4橙色:28.188 / 9黄绿:57.326,False
3,珍珠耳环少女,2,#6BC2F3,天蓝,35,13,天蓝,#20A8DC,12.6,13天蓝:12.6 / 2青色:39.283 / 15浅紫:77.299,False
3,珍珠耳环少女,3,#DC6B21,橙/棕,52,4,橙色,#FE8B10,4.427,4橙色:4.427 / 16棕色:25.144 / 10红色:52.452,False
3,珍珠耳环少女,4,#2A64BD,天蓝,30,7,蓝色,#4A4DCF,34.005,7蓝色:34.005 / 18深蓝:43.487 / 13天蓝:43.575,False
3,珍珠耳环少女,5,#FFCB9F,橙/棕,84,5,肤色,#F4BD9E,8.865,5肤色:8.865 / 4橙色:37.464 / 16棕色:51.616,False
3,珍珠耳环少女,6,#FF767D,红,5,1,粉红,#ED5090,31.649,1粉红:31.649 / 10红色:42.64 / 17酒红:44.53,False
3,珍珠耳环少女,7,#FFFFFF,米白/白,12,20,米白,#F2EDE4,-2.147,20米白:-2.147 / 15浅紫:26.257 / 6米黄:31.651,False
3,珍珠耳环少女,8,#964411,橙/棕,50,16,棕色,#974714,1.503,16棕色:1.503 / 4橙色:27.779 / 17酒红:60.731,False
4,社畜小狗,0,#47281D,橙/棕,189,17,酒红,#782F3C,27.91,17酒红:27.91 / 19深灰:33.05 / 16棕色:41.34,False
4,社畜小狗,1,#CB8D65,橙/棕,156,5,肤色,#F4BD9E,19.098,5肤色:19.098 / 16棕色:29.554 / 4橙色:31.605,False
4,社畜小狗,2,#FFFFFF,米白/白,105,20,米白,#F2EDE4,-2.147,20米白:-2.147 / 15浅紫:26.257 / 6米黄:31.651,False
4,社畜小狗,3,#8A8A8A,灰,131,15,浅紫,#C4BED9,25.392,15浅紫:25.392 / 19深灰:34.409 / 20米白:36.76,False
4,社畜小狗,4,#D03434,红,30,10,红色,#EA281A,21.845,10红色:21.845 / 16棕色:35.165 / 17酒红:45.27,False
5,动感超人,0,#2E2941,蓝,132,18,深蓝,#36387E,32.464,18深蓝:32.464 / 19深灰:49.46 / 13天蓝:67.05,False
5,动感超人,1,#FF6460,红,12,10,红色,#EA281A,28.388,10红色:28.388 / 1粉红:40.566 / 16棕色:41.614,False
5,动感超人,2,#4FAAF4,天蓝,91,13,天蓝,#20A8DC,17.296,13天蓝:17.296 / 2青色:56.54 / 7蓝色:61.366,False
5,动感超人,3,#FEDD72,黄,24,3,黄色,#F8C811,-0.559,3黄色:-0.559 / 9黄绿:46.536 / 4橙色:48.99,False
5,动感超人,4,#FCEED1,米黄,88,20,米白,#F2EDE4,10.818,20米白:10.818 / 6米黄:16.789 / 5肤色:25.448,False
5,动感超人,5,#FDB2B2,红,6,14,浅粉,#EEB2BC,10.455,14浅粉:10.455 / 5肤色:20.874 / 6米黄:45.936,False
6,欸嘿小狗,0,#5A3A2D,橙/棕,137,17,酒红,#782F3C,26.667,17酒红:26.667 / 16棕色:37.677 / 19深灰:41.218,False
6,欸嘿小狗,1,#FFBC3F,黄,200,3,黄色,#F8C811,-9.557,3黄色:-9.557 / 4橙色:28.188 / 9黄绿:57.326,False
6,欸嘿小狗,2,#FFFFFF,米白/白,154,20,米白,#F2EDE4,-2.147,20米白:-2.147 / 15浅紫:26.257 / 6米黄:31.651,False
6,欸嘿小狗,3,#FF767D,红,14,1,粉红,#ED5090,31.649,1粉红:31.649 / 10红色:42.64 / 17酒红:44.53,False
7,鲁鲁,0,#A2C859,黄绿,2,9,黄绿,#9FCE21,23.279,9黄绿:23.279 / 11绿色:35.4 / 3黄色:51.824,False
7,鲁鲁,1,#DC6B21,橙/棕,117,4,橙色,#FE8B10,4.427,4橙色:4.427 / 16棕色:25.144 / 10红色:52.452,False
7,鲁鲁,2,#5E2916,橙/棕,69,17,酒红,#782F3C,24.437,17酒红:24.437 / 16棕色:28.043 / 19深灰:54.676,False
7,鲁鲁,3,#FFCF78,黄,104,3,黄色,#F8C811,6.794,3黄色:6.794 / 4橙色:43.218 / 5肤色:48.909,False
7,鲁鲁,4,#9BE9FF,天蓝,2,2,青色,#4EEAEA,24.647,2青色:24.647 / 13天蓝:30.251 / 20米白:70.261,False
7,鲁鲁,5,#FFFFFF,米白/白,2,20,米白,#F2EDE4,-2.147,20米白:-2.147 / 15浅紫:26.257 / 6米黄:31.651,False
8,表情包,0,#3A3A50,蓝,120,18,深蓝,#36387E,31.17,18深蓝:31.17 / 19深灰:54.66 / 13天蓝:58.238,False
8,表情包,1,#FBCC40,黄,86,3,黄色,#F8C811,-17.004,3黄色:-17.004 / 4橙色:39.415 / 9黄绿:46.734,False
8,表情包,2,#FFFFFF,米白/白,30,20,米白,#F2EDE4,-2.147,20米白:-2.147 / 15浅紫:26.257 / 6米黄:31.651,False
8,表情包,3,#F17E20,橙/棕,21,4,橙色,#FE8B10,-6.025,4橙色:-6.025 / 16棕色:34.716 / 3黄色:47.192,False
8,表情包,4,#FE7295,红,21,1,粉红,#ED5090,16.812,1粉红:16.812 / 17酒红:43.395 / 10红色:55.837,False
9,啤酒慕斯,0,#FFFFFF,米白/白,103,20,米白,#F2EDE4,-2.147,20米白:-2.147 / 15浅紫:26.257 / 6米黄:31.651,False
9,啤酒慕斯,1,#B34E0C,橙/棕,82,16,棕色,#974714,13.368,16棕色:13.368 / 4橙色:16.44 / 10红色:54.135,False
9,啤酒慕斯,2,#FF9903,黄,65,3,黄色,#F8C811,3.758,3黄色:3.758 / 4橙色:9.333 / 16棕色:66.886,False
9,啤酒慕斯,3,#FFD68A,黄,165,3,黄色,#F8C811,13.198,3黄色:13.198 / 5肤色:44.434 / 4橙色:49.322,False
9,啤酒慕斯,4,#FF6460,红,68,10,红色,#EA281A,28.388,10红色:28.388 / 1粉红:40.566 / 16棕色:41.614,False
9,啤酒慕斯,5,#FEB9B8,红,202,14,浅粉,#EEB2BC,9.716,14浅粉:9.716 / 5肤色:19.552 / 6米黄:43.598,False
9,啤酒慕斯,6,#A20036,红/粉,92,17,酒红,#782F3C,29.294,17酒红:29.294 / 1粉红:32.666 / 10红色:47.097,False
10,嘻哈喵,0,#783D32,红,110,17,酒红,#782F3C,17.238,17酒红:17.238 / 16棕色:29.058 / 1粉红:57.711,False
10,嘻哈喵,1,#D03434,红,187,10,红色,#EA281A,21.845,10红色:21.845 / 16棕色:35.165 / 17酒红:45.27,False
10,嘻哈喵,2,#FFD68A,黄,5,3,黄色,#F8C811,13.198,3黄色:13.198 / 5肤色:44.434 / 4橙色:49.322,False
10,嘻哈喵,3,#9BE9FF,天蓝,5,2,青色,#4EEAEA,24.647,2青色:24.647 / 13天蓝:30.251 / 20米白:70.261,False
10,嘻哈喵,4,#FFD6A8,橙/棕,97,5,肤色,#F4BD9E,13.404,5肤色:13.404 / 4橙色:40.845 / 14浅粉:56.067,False
10,嘻哈喵,5,#FFFFFF,米白/白,59,20,米白,#F2EDE4,-2.147,20米白:-2.147 / 15浅紫:26.257 / 6米黄:31.651,False
10,嘻哈喵,6,#2A64BD,天蓝,6,7,蓝色,#4A4DCF,34.005,7蓝色:34.005 / 18深蓝:43.487 / 13天蓝:43.575,False
11,魔法幽灵,0,#8E56AE,紫,70,18,深蓝,#36387E,33.763,18深蓝:33.763 / 7蓝色:37.347 / 8紫色:38.124,False
11,魔法幽灵,1,#D6BBF4,紫,76,15,浅紫,#C4BED9,20.404,15浅紫:20.404 / 20米白:38.455 / 14浅粉:61.047,False
11,魔法幽灵,2,#F8C83F,黄,25,3,黄色,#F8C811,-15.995,3黄色:-15.995 / 4橙色:38.18 / 9黄绿:47.387,False
11,魔法幽灵,3,#FFF7DB,米黄,6,20,米白,#F2EDE4,10.228,20米白:10.228 / 6米黄:17.684 / 5肤色:30.092,False
11,魔法幽灵,4,#9F9FD4,蓝,71,15,浅紫,#C4BED9,42.867,15浅紫:42.867 / 13天蓝:55.277 / 7蓝色:56.271,False
11,魔法幽灵,5,#FFFFFF,米白/白,228,20,米白,#F2EDE4,-2.147,20米白:-2.147 / 15浅紫:26.257 / 6米黄:31.651,False
11,魔法幽灵,6,#3A3A50,蓝,4,18,深蓝,#36387E,31.17,18深蓝:31.17 / 19深灰:54.66 / 13天蓝:58.238,False
11,魔法幽灵,7,#FFB1AB,红,20,14,浅粉,#EEB2BC,32.584,14浅粉:32.584 / 5肤色:36.042 / 1粉红:51.364,True
12,潘哒,0,#408B38,绿,32,11,绿色,#37A92D,23.089,11绿色:23.089 / 12深绿:33.252 / 9黄绿:50.223,False
12,潘哒,1,#94CB77,绿,54,11,绿色,#37A92D,33.689,11绿色:33.689 / 9黄绿:39.949 / 12深绿:49.434,False
12,潘哒,2,#2E2941,蓝,120,18,深蓝,#36387E,32.464,18深蓝:32.464 / 19深灰:49.46 / 13天蓝:67.05,False
12,潘哒,3,#858585,灰,44,15,浅紫,#C4BED9,26.999,15浅紫:26.999 / 19深灰:32.469 / 20米白:38.683,False
12,潘哒,4,#FFFFFF,米白/白,255,20,米白,#F2EDE4,-2.147,20米白:-2.147 / 15浅紫:26.257 / 6米黄:31.651,False
12,潘哒,5,#FF767D,红,10,1,粉红,#ED5090,31.649,1粉红:31.649 / 10红色:42.64 / 17酒红:44.53,False
12,潘哒,6,#F97F30,橙/棕,191,4,橙色,#FE8B10,-1.357,4橙色:-1.357 / 16棕色:33.66 / 3黄色:51.51,False
12,潘哒,7,#2A64BD,天蓝,32,7,蓝色,#4A4DCF,34.005,7蓝色:34.005 / 18深蓝:43.487 / 13天蓝:43.575,False
13,炫彩熊,0,#7785E3,蓝,128,7,蓝色,#4A4DCF,33.14,7蓝色:33.14 / 18深蓝:33.689 / 13天蓝:45.577,False
13,炫彩熊,1,#FFFFFF,米白/白,175,20,米白,#F2EDE4,-2.147,20米白:-2.147 / 15浅紫:26.257 / 6米黄:31.651,False
13,炫彩熊,2,#FFDA70,黄,26,3,黄色,#F8C811,-0.83,3黄色:-0.83 / 4橙色:46.928 / 9黄绿:48.108,False
13,炫彩熊,3,#FEA6ED,粉,74,14,浅粉,#EEB2BC,39.193,14浅粉:39.193 / 1粉红:41.283 / 15浅紫:69.251,False
13,炫彩熊,4,#FFD2D3,红,176,14,浅粉,#EEB2BC,13.913,14浅粉:13.913 / 20米白:16.854 / 15浅紫:41.341,False
13,炫彩熊,5,#9FDDF4,天蓝,93,13,天蓝,#20A8DC,27.556,13天蓝:27.556 / 2青色:29.084 / 20米白:68.098,False
13,炫彩熊,6,#A459F6,紫,28,8,紫色,#7221BC,19.739,8紫色:19.739 / 7蓝色:30.422 / 18深蓝:59.743,False
14,啾咪,0,#E0414C,红,398,10,红色,#EA281A,28.503,10红色:28.503 / 1粉红:36.288 / 16棕色:40.788,False
14,啾咪,1,#000000,黑/深灰,188,19,深灰,#373737,15.069,19深灰:15.069 / 17酒红:45.658 / 18深蓝:52.732,False
14,啾咪,2,#535353,黑/深灰,542,19,深灰,#373737,12.233,19深灰:12.233 / 17酒红:34.534 / 18深蓝:45.99,False
14,啾咪,3,#FFA2AA,红,142,14,浅粉,#EEB2BC,33.027,14浅粉:33.027 / 1粉红:40.412 / 5肤色:46.866,True
14,啾咪,4,#D6D6D6,米白/白,118,20,米白,#F2EDE4,-0.357,20米白:-0.357 / 15浅紫:16.424 / 6米黄:29.521,False
14,啾咪,5,#FFD06B,黄,16,3,黄色,#F8C811,-0.014,3黄色:-0.014 / 4橙色:41.628 / 9黄绿:52.693,False
15,月夜,0,#312C45,蓝,213,18,深蓝,#36387E,31.479,18深蓝:31.479 / 19深灰:49.608 / 13天蓝:65.694,False
15,月夜,1,#4D8DD9,天蓝,80,13,天蓝,#20A8DC,25.523,13天蓝:25.523 / 7蓝色:50.441 / 18深蓝:58.34,False
15,月夜,2,#FFFFFF,米白/白,133,20,米白,#F2EDE4,-2.147,20米白:-2.147 / 15浅紫:26.257 / 6米黄:31.651,False
15,月夜,3,#E9BF70,黄,20,3,黄色,#F8C811,10.59,3黄色:10.59 / 4橙色:44.758 / 5肤色:45.334,False
15,月夜,4,#ADBBFF,蓝,43,13,天蓝,#20A8DC,35.696,13天蓝:35.696 / 18深蓝:52.855 / 7蓝色:58.434,False
16,应援棒,0,#AF215D,粉,112,1,粉红,#ED5090,19.713,1粉红:19.713 / 17酒红:48.767 / 16棕色:77.312,False
16,应援棒,1,#FF96C5,粉,86,1,粉红,#ED5090,26.974,1粉红:26.974 / 14浅粉:27.648 / 17酒红:68.977,False
16,应援棒,2,#A8D7FF,天蓝,67,13,天蓝,#20A8DC,26.949,13天蓝:26.949 / 2青色:40.989 / 15浅紫:66.782,False
16,应援棒,3,#2B8DE1,天蓝,44,13,天蓝,#20A8DC,26.275,13天蓝:26.275 / 7蓝色:49.976 / 18深蓝:60.694,False
16,应援棒,4,#FDFBFD,米白/白,62,20,米白,#F2EDE4,-2.448,20米白:-2.448 / 15浅紫:24.652 / 6米黄:32.046,False
16,应援棒,5,#F5CC50,黄,42,3,黄色,#F8C811,-10.235,3黄色:-10.235 / 4橙色:41.727 / 9黄绿:45.51,False
17,彩虹花,0,#2E2623,橙/棕,152,19,深灰,#373737,0.479,19深灰:0.479 / 17酒红:38.51 / 16棕色:55.257,False
17,彩虹花,1,#D71621,红,30,10,红色,#EA281A,11.551,10红色:11.551 / 16棕色:43.549 / 1粉红:54.103,False
17,彩虹花,2,#E95810,橙/棕,30,4,橙色,#FE8B10,9.077,4橙色:9.077 / 16棕色:35.14 / 10红色:39.722,False
17,彩虹花,3,#FF86B1,红/粉,38,1,粉红,#ED5090,20.027,1粉红:20.027 / 17酒红:46.768 / 14浅粉:52.764,False
17,彩虹花,4,#FFBF3A,黄,27,3,黄色,#F8C811,-12.886,3黄色:-12.886 / 4橙色:30.048 / 9黄绿:55.288,False
17,彩虹花,5,#FFFFFF,米白/白,9,20,米白,#F2EDE4,-2.147,20米白:-2.147 / 15浅紫:26.257 / 6米黄:31.651,False
17,彩虹花,6,#B36BFF,紫,27,8,紫色,#7221BC,25.683,8紫色:25.683 / 7蓝色:31.788 / 18深蓝:58.497,False
17,彩虹花,7,#ACE946,黄绿,27,9,黄绿,#9FCE21,11.622,9黄绿:11.622 / 11绿色:38.558 / 3黄色:53.551,False
17,彩虹花,8,#89CEFF,天蓝,30,13,天蓝,#20A8DC,19.416,13天蓝:19.416 / 2青色:40.852 / 15浅紫:73.044,False
17,彩虹花,9,#4FF08E,绿,30,11,绿色,#37A92D,35.006,11绿色:35.006 / 12深绿:55.963 / 9黄绿:57.261,False
17,彩虹花,10,#61B744,绿,8,11,绿色,#37A92D,11.973,11绿色:11.973 / 9黄绿:31.823 / 12深绿:53.709,False
17,彩虹花,11,#78503F,橙/棕,40,17,酒红,#782F3C,27.012,17酒红:27.012 / 16棕色:31.947 / 19深灰:48.823,False
18,开启充电模式,0,#3D2351,紫,224,18,深蓝,#36387E,24.874,18深蓝:24.874 / 7蓝色:57.831 / 8紫色:59.502,False
18,开启充电模式,1,#3C9CCF,天蓝,98,13,天蓝,#20A8DC,7.105,13天蓝:7.105 / 2青色:47.099 / 7蓝色:70.684,False
18,开启充电模式,2,#FFEBD1,橙/棕,222,20,米白,#F2EDE4,10.454,20米白:10.454 / 6米黄:19.23 / 5肤色:22.451,False
18,开启充电模式,3,#8FD9E9,天蓝,84,2,青色,#4EEAEA,23.044,2青色:23.044 / 13天蓝:28.729 / 20米白:69.919,False
18,开启充电模式,4,#FFD06B,黄,75,3,黄色,#F8C811,-0.014,3黄色:-0.014 / 4橙色:41.628 / 9黄绿:52.693,False
18,开启充电模式,5,#FFA2AA,红,36,14,浅粉,#EEB2BC,33.027,14浅粉:33.027 / 1粉红:40.412 / 5肤色:46.866,True
18,开启充电模式,6,#BC86D4,紫,24,18,深蓝,#36387E,47.708,18深蓝:47.708 / 7蓝色:50.684 / 8紫色:53.47,False
18,开启充电模式,7,#E0414C,红,20,10,红色,#EA281A,28.503,10红色:28.503 / 1粉红:36.288 / 16棕色:40.788,False
18,开启充电模式,8,#81C34F,绿,36,11,绿色,#37A92D,22.004,11绿色:22.004 / 9黄绿:25.202 / 12深绿:58.361,False
19,海洋之星,0,#1D4B6A,天蓝,86,13,天蓝,#20A8DC,40.081,13天蓝:40.081 / 18深蓝:55.185 / 19深灰:64.082,False
19,海洋之星,1,#F5F5F5,米白/白,159,20,米白,#F2EDE4,-4.394,20米白:-4.394 / 15浅紫:23.464 / 6米黄:30.539,False
19,海洋之星,2,#D3F29D,黄绿,74,6,米黄,#EBDEA6,27.988,6米黄:27.988 / 9黄绿:40.349 / 11绿色:51.677,False
19,海洋之星,3,#FF9FC1,红/粉,53,14,浅粉,#EEB2BC,19.841,14浅粉:19.841 / 1粉红:31.714 / 17酒红:49.31,False
19,海洋之星,4,#86D5FF,天蓝,123,13,天蓝,#20A8DC,19.963,13天蓝:19.963 / 2青色:34.81 / 15浅紫:75.368,False
19,海洋之星,5,#D7C2FF,紫,69,15,浅紫,#C4BED9,20.401,15浅紫:20.401 / 20米白:39.209 / 14浅粉:65.335,False
20,珍珠,0,#5A3137,红,164,17,酒红,#782F3C,15.371,17酒红:15.371 / 16棕色:48.706 / 1粉红:59.08,False
20,珍珠,1,#F55E7F,红,354,1,粉红,#ED5090,17.438,1粉红:17.438 / 17酒红:41.499 / 10红色:48.5,False
20,珍珠,2,#FFAC9D,红,443,5,肤色,#F4BD9E,33.906,5肤色:33.906 / 14浅粉:38.996 / 16棕色:47.262,True
20,珍珠,3,#FEE7DC,橙/棕,608,20,米白,#F2EDE4,6.801,20米白:6.801 / 5肤色:22.157 / 14浅粉:28.538,False
20,珍珠,4,#FFCB6B,黄,19,3,黄色,#F8C811,1.982,3黄色:1.982 / 4橙色:39.406 / 5肤色:53.146,False
20,珍珠,5,#955388,粉,62,1,粉红,#ED5090,40.731,1粉红:40.731 / 14浅粉:48.332 / 17酒红:54.544,False
20,珍珠,6,#D3C3D5,紫,220,15,浅紫,#C4BED9,6.435,15浅紫:6.435 / 20米白:9.87 / 14浅粉:35.941,False
20,珍珠,7,#FFFFFF,米白/白,103,20,米白,#F2EDE4,-2.147,20米白:-2.147 / 15浅紫:26.257 / 6米黄:31.651,False
20,珍珠,8,#AA2337,红,86,17,酒红,#782F3C,27.228,17酒红:27.228 / 1粉红:36.464 / 16棕色:36.933,False
21,曲奇兔,0,#552F23,红,190,17,酒红,#782F3C,24.126,17酒红:24.126 / 16棕色:37.069 / 19深灰:62.024,False
21,曲奇兔,1,#BA562D,橙/棕,158,16,棕色,#974714,12.544,16棕色:12.544 / 4橙色:23.625 / 10红色:55.717,False
21,曲奇兔,2,#FFCF9B,橙/棕,271,5,肤色,#F4BD9E,13.513,5肤色:13.513 / 4橙色:35.733 / 16棕色:53.205,False
21,曲奇兔,3,#FFFFFF,米白/白,168,20,米白,#F2EDE4,-2.147,20米白:-2.147 / 15浅紫:26.257 / 6米黄:31.651,False
21,曲奇兔,4,#FF8B86,红,28,1,粉红,#ED5090,39.741,1粉红:39.741 / 16棕色:43.024 / 17酒红:46.206,False
22,傲娇牛,0,#373737,黑/深灰,180,19,深灰,#373737,-8.0,19深灰:-8.0 / 17酒红:34.922 / 18深蓝:45.425,False
22,傲娇牛,1,#B58F5B,橙/棕,18,5,肤色,#F4BD9E,25.068,5肤色:25.068 / 4橙色:34.762 / 16棕色:35.339,False
22,傲娇牛,2,#FDFDF5,米白/白,147,20,米白,#F2EDE4,-4.458,20米白:-4.458 / 6米黄:27.654 / 15浅紫:28.026,False
22,傲娇牛,3,#8D8D8D,灰,66,15,浅紫,#C4BED9,24.455,15浅紫:24.455 / 19深灰:35.567 / 20米白:35.613,False
22,傲娇牛,4,#F87F89,红,12,1,粉红,#ED5090,30.574,1粉红:30.574 / 17酒红:41.291 / 16棕色:47.116,False
22,傲娇牛,5,#FDD8D0,红,119,20,米白,#F2EDE4,12.98,20米白:12.98 / 5肤色:19.264 / 14浅粉:20.51,False
22,傲娇牛,6,#C98A7E,红,44,17,酒红,#782F3C,39.354,17酒红:39.354 / 16棕色:39.358 / 5肤色:40.153,False
22,傲娇牛,7,#899FC8,天蓝,29,13,天蓝,#20A8DC,26.232,13天蓝:26.232 / 15浅紫:45.907 / 2青色:54.668,False
23,啄木鸟,0,#123060,天蓝,139,18,深蓝,#36387E,38.493,18深蓝:38.493 / 13天蓝:54.383 / 7蓝色:55.006,True
23,啄木鸟,1,#7BA1FF,天蓝,261,13,天蓝,#20A8DC,37.495,13天蓝:37.495 / 7蓝色:44.144 / 18深蓝:63.126,False
23,啄木鸟,2,#FBFDFC,米白/白,77,20,米白,#F2EDE4,-2.897,20米白:-2.897 / 15浅紫:25.918 / 6米黄:31.019,False
23,啄木鸟,3,#F469A7,粉,42,1,粉红,#ED5090,9.872,1粉红:9.872 / 14浅粉:65.307 / 17酒红:65.633,False
23,啄木鸟,4,#6EC9F7,天蓝,38,13,天蓝,#20A8DC,14.355,13天蓝:14.355 / 2青色:36.202 / 15浅紫:77.941,False
23,啄木鸟,5,#88E5C5,青,44,2,青色,#4EEAEA,23.193,2青色:23.193 / 12深绿:40.534 / 13天蓝:57.572,False
23,啄木鸟,6,#FF96C5,粉,2,1,粉红,#ED5090,26.974,1粉红:26.974 / 14浅粉:27.648 / 17酒红:68.977,False
23,啄木鸟,7,#CCB2FF,紫,17,15,浅紫,#C4BED9,51.093,15浅紫:51.093 / 7蓝色:55.642 / 8紫色:66.106,False
24,cpu疼,0,#282628,黑/深灰,165,19,深灰,#373737,-0.179,19深灰:-0.179 / 17酒红:36.254 / 18深蓝:45.252,False
24,cpu疼,1,#BBB7BA,灰,237,15,浅紫,#C4BED9,13.296,15浅紫:13.296 / 20米白:20.086 / 14浅粉:40.031,False
24,cpu疼,2,#7B737A,灰,82,19,深灰,#373737,26.795,19深灰:26.795 / 15浅紫:30.673 / 20米白:45.42,False
24,cpu疼,3,#FCFCFC,米白/白,131,20,米白,#F2EDE4,-2.921,20米白:-2.921 / 15浅紫:25.404 / 6米黄:31.282,False
24,cpu疼,4,#FFA2AA,红,33,14,浅粉,#EEB2BC,33.027,14浅粉:33.027 / 1粉红:40.412 / 5肤色:46.866,True
24,cpu疼,5,#EAD4BE,橙/棕,108,20,米白,#F2EDE4,12.333,20米白:12.333 / 5肤色:17.442 / 6米黄:20.955,False
25,泳圈蛙,0,#295417,绿,170,12,深绿,#207955,33.029,12深绿:33.029 / 11绿色:48.189 / 9黄绿:67.312,False
25,泳圈蛙,1,#7EAA1C,黄绿,220,9,黄绿,#9FCE21,17.228,9黄绿:17.228 / 11绿色:29.798 / 3黄色:51.702,False
25,泳圈蛙,2,#FAE9D1,米黄,244,20,米白,#F2EDE4,9.021,20米白:9.021 / 6米黄:19.608 / 5肤色:23.183,False
25,泳圈蛙,3,#FF8B86,红,10,1,粉红,#ED5090,39.741,1粉红:39.741 / 16棕色:43.024 / 17酒红:46.206,False
25,泳圈蛙,4,#67A5EE,天蓝,72,13,天蓝,#20A8DC,21.641,13天蓝:21.641 / 7蓝色:57.161 / 2青色:60.156,False
26,摸鱼熊,0,#AF4C0C,橙/棕,192,16,棕色,#974714,11.844,16棕色:11.844 / 4橙色:17.917 / 10红色:54.972,False
26,摸鱼熊,1,#FFDF97,黄,444,3,黄色,#F8C811,16.467,3黄色:16.467 / 5肤色:44.876 / 4橙色:55.102,False
26,摸鱼熊,2,#FFA468,橙/棕,64,4,橙色,#FE8B10,15.612,4橙色:15.612 / 5肤色:25.727 / 16棕色:35.725,False
26,摸鱼熊,3,#FFFFFF,米白/白,44,20,米白,#F2EDE4,-2.147,20米白:-2.147 / 15浅紫:26.257 / 6米黄:31.651,False
26,摸鱼熊,4,#D0010B,红,2,10,红色,#EA281A,8.942,10红色:8.942 / 16棕色:44.599 / 17酒红:60.946,False
26,摸鱼熊,5,#BACCE9,天蓝,366,15,浅紫,#C4BED9,15.347,15浅紫:15.347 / 20米白:24.611 / 13天蓝:34.373,False
26,摸鱼熊,6,#5F81B9,天蓝,20,13,天蓝,#20A8DC,26.758,13天蓝:26.758 / 18深蓝:54.216 / 7蓝色:54.912,False
27,痛哭小狗,0,#362010,橙/棕,186,19,深灰,#373737,33.096,19深灰:33.096 / 17酒红:36.273 / 16棕色:44.164,False
27,痛哭小狗,1,#E5A65C,橙/棕,123,4,橙色,#FE8B10,18.277,4橙色:18.277 / 5肤色:26.897 / 16棕色:37.933,False
27,痛哭小狗,2,#AA673A,橙/棕,113,16,棕色,#974714,14.896,16棕色:14.896 / 4橙色:29.023 / 5肤色:56.452,False
27,痛哭小狗,3,#FFF0DE,橙/棕,116,20,米白,#F2EDE4,6.128,20米白:6.128 / 6米黄:23.758 / 5肤色:25.729,False
27,痛哭小狗,4,#85CFE3,天蓝,23,13,天蓝,#20A8DC,24.548,13天蓝:24.548 / 2青色:25.475 / 20米白:72.108,False
27,痛哭小狗,5,#FF8771,红,16,16,棕色,#974714,36.573,16棕色:36.573 / 10红色:40.978 / 1粉红:48.024,False
27,痛哭小狗,6,#D2C1AD,橙/棕,37,20,米白,#F2EDE4,16.829,20米白:16.829 / 5肤色:19.055 / 6米黄:23.342,False
28,黑猫,0,#721A1F,红,44,17,酒红,#782F3C,15.392,17酒红:15.392 / 16棕色:33.359 / 1粉红:51.498,False
28,黑猫,1,#E0414C,红,123,10,红色,#EA281A,28.503,10红色:28.503 / 1粉红:36.288 / 16棕色:40.788,False
28,黑猫,2,#E1E1E1,米白/白,125,20,米白,#F2EDE4,-3.396,20米白:-3.396 / 15浅紫:18.516 / 6米黄:29.428,False
28,黑猫,3,#000000,黑/深灰,82,19,深灰,#373737,15.069,19深灰:15.069 / 17酒红:45.658 / 18深蓝:52.732,False
28,黑猫,4,#4A4949,黑/深灰,225,19,深灰,#373737,0.062,19深灰:0.062 / 17酒红:33.742 / 18深蓝:45.369,False
28,黑猫,5,#A7555C,红,52,17,酒红,#782F3C,17.388,17酒红:17.388 / 16棕色:37.835 / 1粉红:38.932,False
28,黑猫,6,#F2B356,黄,36,3,黄色,#F8C811,3.519,3黄色:3.519 / 4橙色:31.317 / 9黄绿:60.781,False
28,黑猫,7,#FF868E,红,10,1,粉红,#ED5090,32.458,1粉红:32.458 / 17酒红:43.684 / 16棕色:47.935,False
28,黑猫,8,#C4BDB9,灰,48,15,浅紫,#C4BED9,16.606,15浅紫:16.606 / 20米白:17.043 / 14浅粉:39.549,False
29,猪猪熊猫,0,#8B3231,红,138,17,酒红,#782F3C,15.974,17酒红:15.974 / 16棕色:28.491 / 1粉红:47.168,False
29,猪猪熊猫,1,#FFB3A9,红,406,5,肤色,#F4BD9E,33.527,5肤色:33.527 / 14浅粉:34.285 / 16棕色:51.457,True
29,猪猪熊猫,2,#F27768,红,27,16,棕色,#974714,34.674,16棕色:34.674 / 10红色:38.018 / 1粉红:43.488,False
29,猪猪熊猫,3,#CDBBBB,红,163,14,浅粉,#EEB2BC,16.946,14浅粉:16.946 / 20米白:17.887 / 5肤色:23.197,False
29,猪猪熊猫,4,#FFFFFF,米白/白,333,20,米白,#F2EDE4,-2.147,20米白:-2.147 / 15浅紫:26.257 / 6米黄:31.651,False
29,猪猪熊猫,5,#555050,黑/深灰,409,19,深灰,#373737,11.63,19深灰:11.63 / 17酒红:32.28 / 18深蓝:45.612,False
29,猪猪熊猫,6,#2D2222,红,167,17,酒红,#782F3C,34.588,17酒红:34.588 / 19深灰:42.249 / 16棕色:58.854,False
30,吃瓜鹅,0,#2D2727,红,355,19,深灰,#373737,17.403,19深灰:17.403 / 17酒红:36.147 / 16棕色:59.997,True
30,吃瓜鹅,1,#585C77,蓝,587,18,深蓝,#36387E,32.827,18深蓝:32.827 / 13天蓝:44.943 / 7蓝色:63.084,False
30,吃瓜鹅,2,#F3F3F3,米白/白,407,20,米白,#F2EDE4,-4.685,20米白:-4.685 / 15浅紫:22.925 / 6米黄:30.358,False
30,吃瓜鹅,3,#D1C5C5,米白/白,122,20,米白,#F2EDE4,14.446,20米白:14.446 / 15浅紫:14.733 / 6米黄:29.842,False
30,吃瓜鹅,4,#FBA636,橙/棕,174,4,橙色,#FE8B10,1.24,4橙色:1.24 / 3黄色:28.656 / 16棕色:44.752,False
30,吃瓜鹅,5,#FFB3AD,红,40,14,浅粉,#EEB2BC,32.031,14浅粉:32.031 / 5肤色:35.582 / 1粉红:52.137,True
30,吃瓜鹅,6,#FF9F9D,红,78,14,浅粉,#EEB2BC,37.909,14浅粉:37.909 / 1粉红:43.368 / 5肤色:43.43,True
30,吃瓜鹅,7,#94C7AA,绿,99,6,米黄,#EBDEA6,47.429,6米黄:47.429 / 20米白:51.199 / 2青色:52.752,False
30,吃瓜鹅,8,#3A7E57,绿,171,12,深绿,#207955,6.99,12深绿:6.99 / 11绿色:51.383 / 2青色:71.088,False
30,吃瓜鹅,9,#F76A67,红,215,10,红色,#EA281A,34.092,10红色:34.092 / 1粉红:37.619 / 16棕色:39.574,False
30,吃瓜鹅,10,#CD4548,红,229,10,红色,#EA281A,33.04,10红色:33.04 / 16棕色:33.677 / 17酒红:36.155,False
31,鬼鬼的kpi,0,#6A678F,蓝,101,18,深蓝,#36387E,29.164,18深蓝:29.164 / 13天蓝:44.713 / 7蓝色:55.431,False
31,鬼鬼的kpi,1,#F8EFE5,米白/白,138,20,米白,#F2EDE4,-8.176,20米白:-8.176 / 6米黄:24.72 / 15浅紫:25.696,False
31,鬼鬼的kpi,2,#B9ABB8,灰,50,15,浅紫,#C4BED9,10.375,15浅紫:10.375 / 20米白:25.508 / 14浅粉:37.136,False
31,鬼鬼的kpi,3,#361C49,紫,131,18,深蓝,#36387E,26.854,18深蓝:26.854 / 7蓝色:59.569 / 8紫色:60.698,False
31,鬼鬼的kpi,4,#7D5F4C,橙/棕,32,17,酒红,#782F3C,33.983,17酒红:33.983 / 16棕色:35.002 / 19深灰:48.895,False
31,鬼鬼的kpi,5,#151B31,蓝,33,18,深蓝,#36387E,35.871,18深蓝:35.871 / 19深灰:52.655 / 13天蓝:67.254,False
31,鬼鬼的kpi,6,#FFA99A,红,5,5,肤色,#F4BD9E,35.173,5肤色:35.173 / 14浅粉:39.964 / 16棕色:46.334,True
31,鬼鬼的kpi,7,#712086,紫,27,8,紫色,#7221BC,31.176,8紫色:31.176 / 18深蓝:37.767 / 7蓝色:40.222,False
32,猫盆栽,0,#E0414C,红,16,10,红色,#EA281A,28.503,10红色:28.503 / 1粉红:36.288 / 16棕色:40.788,False
32,猫盆栽,1,#F87F89,红,51,1,粉红,#ED5090,30.574,1粉红:30.574 / 17酒红:41.291 / 16棕色:47.116,False
32,猫盆栽,2,#FFDF89,黄,36,3,黄色,#F8C811,9.52,3黄色:9.52 / 5肤色:50.973 / 4橙色:52.456,False
32,猫盆栽,3,#2E6222,绿,22,12,深绿,#207955,28.718,12深绿:28.718 / 11绿色:41.407 / 9黄绿:63.91,False
32,猫盆栽,4,#74AE56,绿,14,11,绿色,#37A92D,26.789,11绿色:26.789 / 9黄绿:39.055 / 12深绿:43.582,False
32,猫盆栽,5,#3D2317,橙/棕,163,17,酒红,#782F3C,31.855,17酒红:31.855 / 19深灰:32.253 / 16棕色:43.474,False
32,猫盆栽,6,#8D8D8D,灰,161,15,浅紫,#C4BED9,24.455,15浅紫:24.455 / 19深灰:35.567 / 20米白:35.613,False
32,猫盆栽,7,#FFFFFF,米白/白,85,20,米白,#F2EDE4,-2.147,20米白:-2.147 / 15浅紫:26.257 / 6米黄:31.651,False
32,猫盆栽,8,#484141,红,34,19,深灰,#373737,16.052,19深灰:16.052 / 17酒红:31.082 / 16棕色:51.737,True
32,猫盆栽,9,#B78E5F,橙/棕,115,5,肤色,#F4BD9E,23.186,5肤色:23.186 / 16棕色:34.413 / 4橙色:34.984,False
32,猫盆栽,10,#996541,橙/棕,139,16,棕色,#974714,21.527,16棕色:21.527 / 5肤色:34.222 / 4橙色:38.297,False
33,抱花熊,0,#152161,蓝,325,18,深蓝,#36387E,12.478,18深蓝:12.478 / 7蓝色:42.967 / 8紫色:59.384,False
33,抱花熊,1,#FFE4A9,黄,591,3,黄色,#F8C811,23.817,3黄色:23.817 / 5肤色:41.784 / 6米黄:52.982,False
33,抱花熊,2,#FF8299,红,159,1,粉红,#ED5090,24.842,1粉红:24.842 / 17酒红:42.295 / 16棕色:54.582,False
33,抱花熊,3,#FFFFFF,米白/白,116,20,米白,#F2EDE4,-2.147,20米白:-2.147 / 15浅紫:26.257 / 6米黄:31.651,False
33,抱花熊,4,#C169FF,紫,44,8,紫色,#7221BC,26.939,8紫色:26.939 / 7蓝色:37.004 / 18深蓝:62.381,False
33,抱花熊,5,#D33E55,红,44,1,粉红,#ED5090,27.728,1粉红:27.728 / 17酒红:35.118 / 10红色:38.826,False
33,抱花熊,6,#E4B787,橙/棕,167,5,肤色,#F4BD9E,11.55,5肤色:11.55 / 4橙色:35.015 / 16棕色:46.022,False
33,抱花熊,7,#8ABD63,绿,28,11,绿色,#37A92D,31.048,11绿色:31.048 / 9黄绿:35.841 / 12深绿:49.239,False
33,抱花熊,8,#73B0FA,天蓝,92,13,天蓝,#20A8DC,22.565,13天蓝:22.565 / 2青色:58.978 / 7蓝色:59.256,False
33,抱花熊,9,#3A76BF,天蓝,82,13,天蓝,#20A8DC,30.455,13天蓝:30.455 / 7蓝色:46.977 / 18深蓝:50.053,False
34,草莓蛙,0,#641725,红,54,17,酒红,#782F3C,9.338,17酒红:9.338 / 16棕色:43.078 / 1粉红:51.177,False
34,草莓蛙,1,#E0414C,红,194,10,红色,#EA281A,28.503,10红色:28.503 / 1粉红:36.288 / 16棕色:40.788,False
34,草莓蛙,2,#FFE4E5,红,72,20,米白,#F2EDE4,9.551,20米白:9.551 / 14浅粉:20.064 / 15浅紫:21.443,False
34,草莓蛙,3,#295417,绿,122,12,深绿,#207955,33.029,12深绿:33.029 / 11绿色:48.189 / 9黄绿:67.312,False
34,草莓蛙,4,#9CC939,黄绿,122,9,黄绿,#9FCE21,9.361,9黄绿:9.361 / 11绿色:33.741 / 3黄色:48.495,False
34,草莓蛙,5,#FF8B86,红,12,1,粉红,#ED5090,39.741,1粉红:39.741 / 16棕色:43.024 / 17酒红:46.206,False
34,草莓蛙,6,#7DBC63,绿,76,11,绿色,#37A92D,26.573,11绿色:26.573 / 9黄绿:38.627 / 12深绿:45.952,False
35,小娃娃,0,#882634,红,56,17,酒红,#782F3C,12.181,17酒红:12.181 / 16棕色:37.024 / 1粉红:41.732,False
35,小娃娃,1,#F24C58,红,73,10,红色,#EA281A,28.825,10红色:28.825 / 1粉红:35.329 / 16棕色:44.626,False
35,小娃娃,2,#FFFFFF,米白/白,167,20,米白,#F2EDE4,-2.147,20米白:-2.147 / 15浅紫:26.257 / 6米黄:31.651,False
35,小娃娃,3,#AD6133,橙/棕,189,16,棕色,#974714,11.054,16棕色:11.054 / 4橙色:26.386 / 5肤色:59.24,False
35,小娃娃,4,#EDC07A,黄,307,3,黄色,#F8C811,15.16,3黄色:15.16 / 5肤色:40.373 / 4橙色:45.784,False
35,小娃娃,5,#FDD8D0,红,84,20,米白,#F2EDE4,12.98,20米白:12.98 / 5肤色:19.264 / 14浅粉:20.51,False
35,小娃娃,6,#21375F,天蓝,110,18,深蓝,#36387E,42.515,18深蓝:42.515 / 13天蓝:51.655 / 7蓝色:59.164,True
35,小娃娃,7,#FF868E,红,5,1,粉红,#ED5090,32.458,1粉红:32.458 / 17酒红:43.684 / 16棕色:47.935,False
35,小娃娃,8,#AEAEAE,灰,46,15,浅紫,#C4BED9,16.292,15浅紫:16.292 / 20米白:23.338 / 14浅粉:42.573,False
35,小娃娃,9,#030401,黑/深灰,31,19,深灰,#373737,36.125,19深灰:36.125 / 17酒红:61.664 / 18深蓝:81.813,False
36,企鹅飞行员,0,#2D1F41,紫,245,18,深蓝,#36387E,29.523,18深蓝:29.523 / 19深灰:57.838 / 7蓝色:64.034,False
36,企鹅飞行员,1,#BC874E,橙/棕,164,4,橙色,#FE8B10,26.564,4橙色:26.564 / 5肤色:27.083 / 16棕色:28.227,False
36,企鹅飞行员,2,#FFDF96,黄,68,3,黄色,#F8C811,15.96,3黄色:15.96 / 5肤色:45.3 / 4橙色:54.894,False
36,企鹅飞行员,3,#73B0FA,天蓝,210,13,天蓝,#20A8DC,22.565,13天蓝:22.565 / 2青色:58.978 / 7蓝色:59.256,False
36,企鹅飞行员,4,#FFFFFF,米白/白,244,20,米白,#F2EDE4,-2.147,20米白:-2.147 / 15浅紫:26.257 / 6米黄:31.651,False
36,企鹅飞行员,5,#505576,蓝,277,18,深蓝,#36387E,28.265,18深蓝:28.265 / 13天蓝:45.868 / 7蓝色:59.348,False
36,企鹅飞行员,6,#E48A67,橙/棕,56,5,肤色,#F4BD9E,24.153,5肤色:24.153 / 4橙色:26.882 / 16棕色:29.487,False
36,企鹅飞行员,7,#CB604A,红,14,16,棕色,#974714,22.617,16棕色:22.617 / 17酒红:38.351 / 10红色:38.658,False
36,企鹅飞行员,8,#397ED0,天蓝,119,13,天蓝,#20A8DC,31.371,13天蓝:31.371 / 7蓝色:44.562 / 18深蓝:53.108,False
37,喵skr,0,#361C49,紫,135,18,深蓝,#36387E,26.854,18深蓝:26.854 / 7蓝色:59.569 / 8紫色:60.698,False
37,喵skr,1,#5A5777,蓝,270,18,深蓝,#36387E,29.234,18深蓝:29.234 / 13天蓝:49.465 / 7蓝色:59.56,False
37,喵skr,2,#FF8771,红,38,16,棕色,#974714,36.573,16棕色:36.573 / 10红色:40.978 / 1粉红:48.024,False
37,喵skr,3,#D9404A,红,6,10,红色,#EA281A,29.898,10红色:29.898 / 1粉红:36.039 / 16棕色:38.978,False
37,喵skr,4,#D98740,橙/棕,11,4,橙色,#FE8B10,10.917,4橙色:10.917 / 16棕色:26.136 / 3黄色:47.01,False
37,喵skr,5,#D9C440,黄,6,3,黄色,#F8C811,-7.62,3黄色:-7.62 / 9黄绿:35.323 / 4橙色:49.455,False
37,喵skr,6,#40D952,绿,4,11,绿色,#37A92D,21.416,11绿色:21.416 / 9黄绿:43.03 / 12深绿:65.717,False
37,喵skr,7,#4079D9,天蓝,10,7,蓝色,#4A4DCF,34.646,7蓝色:34.646 / 13天蓝:41.205 / 18深蓝:51.255,False
37,喵skr,8,#7F40D9,紫,9,8,紫色,#7221BC,10.867,8紫色:10.867 / 7蓝色:23.741 / 18深蓝:53.651,False
37,喵skr,9,#FFF0DE,橙/棕,66,20,米白,#F2EDE4,6.128,20米白:6.128 / 6米黄:23.758 / 5肤色:25.729,False
38,草莓喵,0,#251F1F,黑/深灰,142,19,深灰,#373737,3.072,19深灰:3.072 / 17酒红:37.803 / 18深蓝:69.187,False
38,草莓喵,1,#746868,红,240,17,酒红,#782F3C,32.715,17酒红:32.715 / 19深灰:40.599 / 16棕色:49.232,False
38,草莓喵,2,#E0414C,红,198,10,红色,#EA281A,28.503,10红色:28.503 / 1粉红:36.288 / 16棕色:40.788,False
38,草莓喵,3,#FFE4E5,红,44,20,米白,#F2EDE4,9.551,20米白:9.551 / 14浅粉:20.064 / 15浅紫:21.443,False
38,草莓喵,4,#7DBC63,绿,25,11,绿色,#37A92D,26.573,11绿色:26.573 / 9黄绿:38.627 / 12深绿:45.952,False
38,草莓喵,5,#641725,红,33,17,酒红,#782F3C,9.338,17酒红:9.338 / 16棕色:43.078 / 1粉红:51.177,False
38,草莓喵,6,#416627,绿,13,12,深绿,#207955,32.533,12深绿:32.533 / 11绿色:45.864 / 9黄绿:60.399,False
39,转圈圈,0,#621622,红,64,17,酒红,#782F3C,10.459,17酒红:10.459 / 16棕色:42.07 / 1粉红:52.538,False
39,转圈圈,1,#FF9693,红,118,1,粉红,#ED5090,41.168,1粉红:41.168 / 14浅粉:42.642 / 16棕色:46.102,False
39,转圈圈,2,#D31847,红/粉,115,1,粉红,#ED5090,30.878,1粉红:30.878 / 10红色:35.154 / 17酒红:42.743,False
39,转圈圈,3,#1F5AA2,天蓝,77,13,天蓝,#20A8DC,39.837,13天蓝:39.837 / 18深蓝:40.091 / 7蓝色:43.274,False
39,转圈圈,4,#73B0FA,天蓝,192,13,天蓝,#20A8DC,22.565,13天蓝:22.565 / 2青色:58.978 / 7蓝色:59.256,False
39,转圈圈,5,#F3ECE1,米白/白,247,20,米白,#F2EDE4,-8.711,20米白:-8.711 / 6米黄:24.006 / 15浅紫:25.325,False
39,转圈圈,6,#2D1F41,紫,94,18,深蓝,#36387E,29.523,18深蓝:29.523 / 19深灰:57.838 / 7蓝色:64.034,False
39,转圈圈,7,#525880,蓝,213,18,深蓝,#36387E,25.193,18深蓝:25.193 / 13天蓝:44.383 / 7蓝色:55.202,False
39,转圈圈,8,#FFCA3E,黄,35,3,黄色,#F8C811,-17.046,3黄色:-17.046 / 4橙色:36.703 / 9黄绿:49.566,False
39,转圈圈,9,#D46E00,橙/棕,22,4,橙色,#FE8B10,-1.43,4橙色:-1.43 / 16棕色:29.515 / 3黄色:47.153,False
39,转圈圈,10,#FF954C,橙/棕,54,4,橙色,#FE8B10,4.186,4橙色:4.186 / 16棕色:34.182 / 3黄色:47.23,False
40,白毛小狗,0,#323644,蓝,135,18,深蓝,#36387E,38.571,18深蓝:38.571 / 19深灰:41.458 / 13天蓝:58.307,False
40,白毛小狗,1,#FFFFFF,米白/白,176,20,米白,#F2EDE4,-2.147,20米白:-2.147 / 15浅紫:26.257 / 6米黄:31.651,False
40,白毛小狗,2,#D4B39A,橙/棕,46,5,肤色,#F4BD9E,11.925,5肤色:11.925 / 6米黄:43.565 / 14浅粉:45.082,False
40,白毛小狗,3,#FFA296,红,8,5,肤色,#F4BD9E,39.038,5肤色:39.038 / 14浅粉:41.067 / 16棕色:45.433,True
40,白毛小狗,4,#689536,绿,17,11,绿色,#37A92D,30.009,11绿色:30.009 / 9黄绿:37.067 / 12深绿:46.009,False
40,白毛小狗,5,#88B5E1,天蓝,46,13,天蓝,#20A8DC,19.526,13天蓝:19.526 / 2青色:46.215 / 15浅紫:66.895,False
41,噗丁噗丁,0,#4E2A10,橙/棕,96,16,棕色,#974714,31.942,16棕色:31.942 / 17酒红:32.443 / 19深灰:49.587,False
41,噗丁噗丁,1,#9A5320,橙/棕,177,16,棕色,#974714,6.55,16棕色:6.55 / 4橙色:27.841 / 17酒红:60.551,False
41,噗丁噗丁,2,#50A93A,绿,7,11,绿色,#37A92D,9.682,11绿色:9.682 / 9黄绿:36.071 / 12深绿:49.614,False
41,噗丁噗丁,3,#900F15,红,85,16,棕色,#974714,28.632,16棕色:28.632 / 17酒红:32.275 / 10红色:37.329,False
41,噗丁噗丁,4,#E0414C,红,80,10,红色,#EA281A,28.503,10红色:28.503 / 1粉红:36.288 / 16棕色:40.788,False
41,噗丁噗丁,5,#FDFDF5,米白/白,102,20,米白,#F2EDE4,-4.458,20米白:-4.458 / 6米黄:27.654 / 15浅紫:28.026,False
41,噗丁噗丁,6,#E49B40,橙/棕,160,4,橙色,#FE8B10,8.524,4橙色:8.524 / 3黄色:35.409 / 16棕色:36.365,False
41,噗丁噗丁,7,#FFD06B,黄,236,3,黄色,#F8C811,-0.014,3黄色:-0.014 / 4橙色:41.628 / 9黄绿:52.693,False
42,星空橘猫,0,#112C66,天蓝,91,18,深蓝,#36387E,32.088,18深蓝:32.088 / 7蓝色:47.828 / 13天蓝:58.46,True
42,星空橘猫,1,#A18AFF,蓝,259,7,蓝色,#4A4DCF,29.675,7蓝色:29.675 / 8紫色:44.282 / 18深蓝:44.9,False
42,星空橘猫,2,#FFAF58,橙/棕,227,4,橙色,#FE8B10,9.3,4橙色:9.3 / 3黄色:35.774 / 16棕色:42.162,False
42,星空橘猫,3,#FFE700,黄,39,3,黄色,#F8C811,-9.487,3黄色:-9.487 / 9黄绿:39.554 / 4橙色:58.743,False
42,星空橘猫,4,#F1515F,红,71,1,粉红,#ED5090,32.037,1粉红:32.037 / 10红色:32.657 / 17酒红:44.735,False
42,星空橘猫,5,#FFF6C8,黄,51,6,米黄,#EBDEA6,10.41,6米黄:10.41 / 20米白:18.992 / 5肤色:30.441,False
42,星空橘猫,6,#77472B,橙/棕,79,16,棕色,#974714,22.86,16棕色:22.86 / 17酒红:29.519 / 4橙色:47.291,False
42,星空橘猫,7,#366BDA,天蓝,131,7,蓝色,#4A4DCF,23.247,7蓝色:23.247 / 18深蓝:51.045 / 13天蓝:53.065,False
42,星空橘猫,8,#FFFFFF,米白/白,53,20,米白,#F2EDE4,-2.147,20米白:-2.147 / 15浅紫:26.257 / 6米黄:31.651,False
42,星空橘猫,9,#DB7837,橙/棕,51,4,橙色,#FE8B10,9.119,4橙色:9.119 / 16棕色:22.456 / 3黄色:53.245,False
43,桃花,0,#B62869,粉,81,1,粉红,#ED5090,17.263,1粉红:17.263 / 17酒红:52.03 / 8紫色:74.394,False
43,桃花,1,#FFEAF2,红/粉,54,20,米白,#F2EDE4,0.415,20米白:0.415 / 15浅紫:19.967 / 14浅粉:22.503,False
43,桃花,2,#FFA0C2,红/粉,151,14,浅粉,#EEB2BC,19.566,14浅粉:19.566 / 1粉红:32.124 / 17酒红:49.572,False
43,桃花,3,#6092FF,天蓝,43,7,蓝色,#4A4DCF,35.618,7蓝色:35.618 / 13天蓝:44.665 / 18深蓝:61.097,False
43,桃花,4,#FFC872,黄,12,3,黄色,#F8C811,6.807,3黄色:6.807 / 4橙色:39.46 / 5肤色:48.199,False
44,酷比牛,0,#111110,黑/深灰,325,19,深灰,#373737,10.042,19深灰:10.042 / 17酒红:42.539 / 18深蓝:50.834,False
44,酷比牛,1,#B49065,橙/棕,22,5,肤色,#F4BD9E,22.744,5肤色:22.744 / 16棕色:37.031 / 4橙色:38.438,False
44,酷比牛,2,#6D4940,红,127,17,酒红,#782F3C,23.956,17酒红:23.956 / 16棕色:38.117 / 19深灰:61.695,False
44,酷比牛,3,#FEFEFE,米白/白,219,20,米白,#F2EDE4,-2.412,20米白:-2.412 / 15浅紫:25.971 / 6米黄:31.525,False
44,酷比牛,4,#F87F89,红,20,1,粉红,#ED5090,30.574,1粉红:30.574 / 17酒红:41.291 / 16棕色:47.116,False
44,酷比牛,5,#E7CBC5,红,251,20,米白,#F2EDE4,13.42,20米白:13.42 / 14浅粉:19.462 / 5肤色:20.272,False
44,酷比牛,6,#C98A7E,红,97,17,酒红,#782F3C,39.354,17酒红:39.354 / 16棕色:39.358 / 5肤色:40.153,False
45,月照银山,0,#312C45,蓝,135,18,深蓝,#36387E,31.479,18深蓝:31.479 / 19深灰:49.608 / 13天蓝:65.694,False
45,月照银山,1,#3C9CCF,天蓝,211,13,天蓝,#20A8DC,7.105,13天蓝:7.105 / 2青色:47.099 / 7蓝色:70.684,False
45,月照银山,2,#E9BF70,黄,42,3,黄色,#F8C811,10.59,3黄色:10.59 / 4橙色:44.758 / 5肤色:45.334,False
45,月照银山,3,#8FD9E9,天蓝,104,2,青色,#4EEAEA,23.044,2青色:23.044 / 13天蓝:28.729 / 20米白:69.919,False
45,月照银山,4,#EBE6FF,蓝,319,20,米白,#F2EDE4,7.593,20米白:7.593 / 15浅紫:14.222 / 14浅粉:44.639,False
45,月照银山,5,#7470B5,蓝,61,18,深蓝,#36387E,24.622,18深蓝:24.622 / 7蓝色:39.919 / 13天蓝:45.961,False
45,月照银山,6,#4FC39C,青,92,12,深绿,#207955,28.26,12深绿:28.26 / 2青色:29.48 / 13天蓝:59.658,False
45,月照银山,7,#10555A,青,56,12,深绿,#207955,34.922,12深绿:34.922 / 13天蓝:44.205 / 2青色:57.614,False
46,草莓,0,#416627,绿,58,12,深绿,#207955,32.533,12深绿:32.533 / 11绿色:45.864 / 9黄绿:60.399,False
46,草莓,1,#7DBC63,绿,80,11,绿色,#37A92D,26.573,11绿色:26.573 / 9黄绿:38.627 / 12深绿:45.952,False
46,草莓,2,#641725,红,38,17,酒红,#782F3C,9.338,17酒红:9.338 / 16棕色:43.078 / 1粉红:51.177,False
46,草莓,3,#E0414C,红,116,10,红色,#EA281A,28.503,10红色:28.503 / 1粉红:36.288 / 16棕色:40.788,False
46,草莓,4,#FFE4E5,红,22,20,米白,#F2EDE4,9.551,20米白:9.551 / 14浅粉:20.064 / 15浅紫:21.443,False
47,女巫的药瓶,0,#29204F,蓝,118,18,深蓝,#36387E,19.447,18深蓝:19.447 / 7蓝色:53.527 / 8紫色:63.945,False
47,女巫的药瓶,1,#FFD06B,黄,64,3,黄色,#F8C811,-0.014,3黄色:-0.014 / 4橙色:41.628 / 9黄绿:52.693,False
47,女巫的药瓶,2,#FF93FA,粉,33,1,粉红,#ED5090,44.431,1粉红:44.431 / 8紫色:57.371 / 14浅粉:57.85,False
47,女巫的药瓶,3,#C5B6FF,蓝,384,15,浅紫,#C4BED9,47.144,15浅紫:47.144 / 7蓝色:56.168 / 13天蓝:66.902,False
47,女巫的药瓶,4,#FFFFFF,米白/白,58,20,米白,#F2EDE4,-2.147,20米白:-2.147 / 15浅紫:26.257 / 6米黄:31.651,False
47,女巫的药瓶,5,#BD5CE0,紫,77,8,紫色,#7221BC,28.027,8紫色:28.027 / 7蓝色:38.865 / 18深蓝:57.359,False
47,女巫的药瓶,6,#93FFBD,绿,10,11,绿色,#37A92D,49.234,11绿色:49.234 / 12深绿:51.448 / 2青色:59.702,False
47,女巫的药瓶,7,#3B57BB,蓝,81,7,蓝色,#4A4DCF,21.609,7蓝色:21.609 / 18深蓝:22.674 / 8紫色:47.518,False
47,女巫的药瓶,8,#93C7FF,天蓝,75,13,天蓝,#20A8DC,22.406,13天蓝:22.406 / 2青色:48.444 / 15浅紫:70.101,False
47,女巫的药瓶,9,#FA986C,橙/棕,53,4,橙色,#FE8B10,21.064,4橙色:21.064 / 5肤色:24.932 / 16棕色:33.601,False
48,咕咕鸟,0,#26282A,天蓝,132,19,深灰,#373737,17.276,19深灰:17.276 / 17酒红:55.781 / 13天蓝:61.587,True
48,咕咕鸟,1,#A2A8B2,天蓝,267,15,浅紫,#C4BED9,31.873,15浅紫:31.873 / 13天蓝:34.454 / 2青色:43.289,True
48,咕咕鸟,2,#D7C4FC,紫,58,15,浅紫,#C4BED9,17.733,15浅紫:17.733 / 20米白:36.484 / 14浅粉:63.595,False
48,咕咕鸟,3,#AAD5EC,天蓝,52,13,天蓝,#20A8DC,29.076,13天蓝:29.076 / 2青色:34.922 / 20米白:47.157,False
48,咕咕鸟,4,#FDF5EB,米白/白,32,20,米白,#F2EDE4,-6.785,20米白:-6.785 / 6米黄:25.398 / 15浅紫:27.021,False
48,咕咕鸟,5,#F0B052,黄,62,3,黄色,#F8C811,3.281,3黄色:3.281 / 4橙色:30.256 / 9黄绿:61.073,False
48,咕咕鸟,6,#DAC4B0,橙/棕,108,20,米白,#F2EDE4,16.208,20米白:16.208 / 5肤色:16.481 / 6米黄:23.568,False
49,蜜蜂猫,0,#824C32,橙/棕,99,16,棕色,#974714,21.773,16棕色:21.773 / 17酒红:28.106 / 4橙色:45.644,False
49,蜜蜂猫,1,#3F220E,橙/棕,156,17,酒红,#782F3C,33.752,17酒红:33.752 / 19深灰:36.987 / 16棕色:38.861,False
49,蜜蜂猫,2,#FFFFFF,米白/白,130,20,米白,#F2EDE4,-2.147,20米白:-2.147 / 15浅紫:26.257 / 6米黄:31.651,False
49,蜜蜂猫,3,#FF868E,红,20,1,粉红,#ED5090,32.458,1粉红:32.458 / 17酒红:43.684 / 16棕色:47.935,False
49,蜜蜂猫,4,#DB963F,橙/棕,151,4,橙色,#FE8B10,10.972,4橙色:10.972 / 16棕色:34.077 / 3黄色:37.472,False
49,蜜蜂猫,5,#FFDC6B,黄,142,3,黄色,#F8C811,-3.512,3黄色:-3.512 / 9黄绿:45.784 / 4橙色:47.539,False
49,蜜蜂猫,6,#BFB3B3,灰,20,15,浅紫,#C4BED9,15.194,15浅紫:15.194 / 20米白:20.694 / 14浅粉:37.572,False
49,蜜蜂猫,7,#3C96B5,天蓝,25,13,天蓝,#20A8DC,13.776,13天蓝:13.776 / 2青色:40.219 / 12深绿:67.895,False
49,蜜蜂猫,8,#9FD2E3,天蓝,44,13,天蓝,#20A8DC,28.377,13天蓝:28.377 / 2青色:30.181 / 20米白:47.847,False
50,沙滩落日,0,#7440D9,紫,111,8,紫色,#7221BC,12.365,8紫色:12.365 / 7蓝色:21.125 / 18深蓝:52.323,False
50,沙滩落日,1,#395328,绿,196,12,深绿,#207955,33.538,12深绿:33.538 / 11绿色:58.414 / 19深灰:70.326,False
50,沙滩落日,2,#F891BA,红/粉,101,14,浅粉,#EEB2BC,25.327,14浅粉:25.327 / 1粉红:25.983 / 17酒红:47.272,False
50,沙滩落日,3,#FF6345,红,19,10,红色,#EA281A,19.832,10红色:19.832 / 16棕色:37.981 / 4橙色:55.455,False
50,沙滩落日,4,#FFBB8B,橙/棕,78,5,肤色,#F4BD9E,11.705,5肤色:11.705 / 4橙色:29.816 / 16棕色:44.175,False
50,沙滩落日,5,#FFFFFF,米白/白,37,20,米白,#F2EDE4,-2.147,20米白:-2.147 / 15浅紫:26.257 / 6米黄:31.651,False
50,沙滩落日,6,#F4F9A8,黄绿,78,3,黄色,#F8C811,23.513,3黄色:23.513 / 9黄绿:47.22 / 5肤色:61.976,False
50,沙滩落日,7,#452F2D,红,35,17,酒红,#782F3C,27.872,17酒红:27.872 / 19深灰:43.151 / 16棕色:50.196,False
50,沙滩落日,8,#4079D9,天蓝,123,7,蓝色,#4A4DCF,34.646,7蓝色:34.646 / 13天蓝:41.205 / 18深蓝:51.255,False
50,沙滩落日,9,#BE674A,橙/棕,74,16,棕色,#974714,19.286,16棕色:19.286 / 4橙色:31.507 / 5肤色:34.468,False
50,沙滩落日,10,#9C4629,橙/棕,48,16,棕色,#974714,11.354,16棕色:11.354 / 4橙色:35.219 / 17酒红:50.528,False
51,喵咪内卷,0,#601915,红,130,17,酒红,#782F3C,18.479,17酒红:18.479 / 16棕色:32.799 / 1粉红:59.654,False
51,喵咪内卷,1,#F9F1F0,米白/白,116,20,米白,#F2EDE4,-5.388,20米白:-5.388 / 15浅紫:23.017 / 6米黄:29.399,False
51,喵咪内卷,2,#C5C5C5,灰,37,15,浅紫,#C4BED9,14.713,15浅紫:14.713 / 20米白:15.211 / 14浅粉:41.54,False
51,喵咪内卷,3,#D64242,红,25,10,红色,#EA281A,26.404,10红色:26.404 / 16棕色:34.825 / 1粉红:41.134,False
51,喵咪内卷,4,#FFA49E,红,70,14,浅粉,#EEB2BC,37.388,14浅粉:37.388 / 5肤色:40.117 / 1粉红:46.678,True
51,喵咪内卷,5,#B95852,红,122,17,酒红,#782F3C,26.812,17酒红:26.812 / 16棕色:28.228 / 1粉红:41.615,False
51,喵咪内卷,6,#FFE6B0,黄,63,3,黄色,#F8C811,26.661,3黄色:26.661 / 5肤色:41.185 / 6米黄:52.482,False
51,喵咪内卷,7,#FFD5D2,红,126,20,米白,#F2EDE4,15.136,20米白:15.136 / 14浅粉:16.766 / 5肤色:21.352,False
52,向日葵,0,#2E6222,绿,102,12,深绿,#207955,28.718,12深绿:28.718 / 11绿色:41.407 / 9黄绿:63.91,False
52,向日葵,1,#74AE56,绿,213,11,绿色,#37A92D,26.789,11绿色:26.789 / 9黄绿:39.055 / 12深绿:43.582,False
52,向日葵,2,#D85D1F,橙/棕,247,4,橙色,#FE8B10,10.122,4橙色:10.122 / 16棕色:24.844 / 10红色:45.937,False
52,向日葵,3,#FFCC44,黄,180,3,黄色,#F8C811,-15.587,3黄色:-15.587 / 4橙色:37.727 / 9黄绿:48.868,False
52,向日葵,4,#592100,橙/棕,156,16,棕色,#974714,23.877,16棕色:23.877 / 17酒红:31.888 / 4橙色:51.099,False
52,向日葵,5,#D8A98D,橙/棕,11,5,肤色,#F4BD9E,8.716,5肤色:8.716 / 4橙色:42.738 / 16棕色:43.518,False
53,长颈鹿,0,#823D46,红,121,17,酒红,#782F3C,5.935,17酒红:5.935 / 16棕色:40.633 / 1粉红:45.62,False
53,长颈鹿,1,#EC9E55,橙/棕,154,4,橙色,#FE8B10,12.535,4橙色:12.535 / 5肤色:29.594 / 16棕色:34.301,False
53,长颈鹿,2,#FFF0DE,橙/棕,127,20,米白,#F2EDE4,6.128,20米白:6.128 / 6米黄:23.758 / 5肤色:25.729,False
53,长颈鹿,3,#47384D,紫,24,18,深蓝,#36387E,39.403,18深蓝:39.403 / 19深灰:55.452 / 17酒红:59.066,False
53,长颈鹿,4,#80668A,紫,6,18,深蓝,#36387E,39.581,18深蓝:39.581 / 15浅紫:60.477 / 17酒红:63.139,False
53,长颈鹿,5,#FF8771,红,6,16,棕色,#974714,36.573,16棕色:36.573 / 10红色:40.978 / 1粉红:48.024,False
53,长颈鹿,6,#5BA34D,绿,96,11,绿色,#37A92D,21.772,11绿色:21.772 / 12深绿:38.053 / 9黄绿:44.245,False
53,长颈鹿,7,#A5D584,绿,37,11,绿色,#37A92D,39.187,11绿色:39.187 / 9黄绿:41.056 / 12深绿:52.992,False
54,瑞士卷,0,#A22621,红,21,16,棕色,#974714,25.352,16棕色:25.352 / 10红色:33.305 / 17酒红:33.898,False
54,瑞士卷,1,#592B11,橙/棕,63,16,棕色,#974714,27.065,16棕色:27.065 / 17酒红:29.429 / 19深灰:53.942,False
54,瑞士卷,2,#DB4842,红,14,10,红色,#EA281A,24.428,10红色:24.428 / 16棕色:33.758 / 1粉红:43.587,False
54,瑞士卷,3,#FFF8CA,黄,136,6,米黄,#EBDEA6,11.387,6米黄:11.387 / 20米白:18.988 / 5肤色:31.683,False
54,瑞士卷,4,#D67B25,橙/棕,158,4,橙色,#FE8B10,3.107,4橙色:3.107 / 16棕色:26.48 / 3黄色:45.316,False
54,瑞士卷,5,#F6D86C,黄,101,3,黄色,#F8C811,-1.185,3黄色:-1.185 / 9黄绿:44.677 / 4橙色:49.256,False
55,泳圈咪,0,#3D2317,橙/棕,223,17,酒红,#782F3C,31.855,17酒红:31.855 / 19深灰:32.253 / 16棕色:43.474,False
55,泳圈咪,1,#EA6974,红,97,1,粉红,#ED5090,28.508,1粉红:28.508 / 17酒红:37.679 / 16棕色:43.264,False
55,泳圈咪,2,#A1A1A1,灰,446,15,浅紫,#C4BED9,18.922,15浅紫:18.922 / 20米白:28.098 / 19深灰:43.175,False
55,泳圈咪,3,#3B3B3B,黑/深灰,88,19,深灰,#373737,-6.199,19深灰:-6.199 / 17酒红:34.595 / 18深蓝:45.302,False
55,泳圈咪,4,#FFAF58,橙/棕,92,4,橙色,#FE8B10,9.3,4橙色:9.3 / 3黄色:35.774 / 16棕色:42.162,False
55,泳圈咪,5,#74CEFF,天蓝,87,13,天蓝,#20A8DC,16.097,13天蓝:16.097 / 2青色:37.449 / 15浅紫:77.931,False
55,泳圈咪,6,#269EE4,天蓝,43,13,天蓝,#20A8DC,13.339,13天蓝:13.339 / 2青色:55.045 / 7蓝色:63.023,False
55,泳圈咪,7,#592100,橙/棕,29,16,棕色,#974714,23.877,16棕色:23.877 / 17酒红:31.888 / 4橙色:51.099,False
55,泳圈咪,8,#BC86D4,紫,28,18,深蓝,#36387E,47.708,18深蓝:47.708 / 7蓝色:50.684 / 8紫色:53.47,False
55,泳圈咪,9,#84C156,绿,54,11,绿色,#37A92D,24.438,11绿色:24.438 / 9黄绿:28.528 / 12深绿:55.02,False
56,桃子,0,#411B01,橙/棕,117,17,酒红,#782F3C,32.831,17酒红:32.831 / 16棕色:35.661 / 19深灰:42.799,False
56,桃子,1,#A8D559,黄绿,23,9,黄绿,#9FCE21,18.106,9黄绿:18.106 / 11绿色:34.719 / 3黄色:51.467,False
56,桃子,2,#31A100,绿,23,11,绿色,#37A92D,10.981,11绿色:10.981 / 9黄绿:33.573 / 12深绿:62.936,False
56,桃子,3,#F16D3B,橙/棕,193,4,橙色,#FE8B10,12.089,4橙色:12.089 / 16棕色:30.222 / 10红色:45.388,False
56,桃子,4,#FFEBCC,米黄,46,20,米白,#F2EDE4,12.703,20米白:12.703 / 6米黄:16.4 / 5肤色:22.475,False
56,桃子,5,#FFCB80,黄,263,3,黄色,#F8C811,12.666,3黄色:12.666 / 5肤色:42.646 / 4橙色:43.548,False
56,桃子,6,#AA2A32,红,118,17,酒红,#782F3C,29.037,17酒红:29.037 / 16棕色:31.515 / 10红色:37.662,False
57,红帽子企鹅,0,#86222B,红,61,17,酒红,#782F3C,15.982,17酒红:15.982 / 16棕色:33.2 / 1粉红:44.956,False
57,红帽子企鹅,1,#F6CCCF,红,78,14,浅粉,#EEB2BC,11.942,14浅粉:11.942 / 20米白:17.237 / 15浅紫:38.455,False
57,红帽子企鹅,2,#EA6974,红,88,1,粉红,#ED5090,28.508,1粉红:28.508 / 17酒红:37.679 / 16棕色:43.264,False
57,红帽子企鹅,3,#44475A,蓝,277,18,深蓝,#36387E,34.731,18深蓝:34.731 / 13天蓝:52.626 / 19深灰:54.292,False
57,红帽子企鹅,4,#FDFDF5,米白/白,236,20,米白,#F2EDE4,-4.458,20米白:-4.458 / 6米黄:27.654 / 15浅紫:28.026,False
57,红帽子企鹅,5,#FFB46B,橙/棕,28,4,橙色,#FE8B10,16.432,4橙色:16.432 / 5肤色:26.226 / 3黄色:41.749,False
57,红帽子企鹅,6,#EAD4BE,橙/棕,105,20,米白,#F2EDE4,12.333,20米白:12.333 / 5肤色:17.442 / 6米黄:20.955,False
57,红帽子企鹅,7,#2C57A0,天蓝,34,18,深蓝,#36387E,36.769,18深蓝:36.769 / 7蓝色:40.408 / 13天蓝:42.981,True
57,红帽子企鹅,8,#74CEFF,天蓝,38,13,天蓝,#20A8DC,16.097,13天蓝:16.097 / 2青色:37.449 / 15浅紫:77.931,False
58,派对猫,0,#342D2D,红,562,19,深灰,#373737,15.132,19深灰:15.132 / 17酒红:34.663 / 16棕色:58.513,True
58,派对猫,1,#CD4548,红,76,10,红色,#EA281A,33.04,10红色:33.04 / 16棕色:33.677 / 17酒红:36.155,False
58,派对猫,2,#F3F3F3,米白/白,424,20,米白,#F2EDE4,-4.685,20米白:-4.685 / 15浅紫:22.925 / 6米黄:30.358,False
58,派对猫,3,#F7D67B,黄,25,3,黄色,#F8C811,6.189,3黄色:6.189 / 4橙色:49.714 / 9黄绿:50.78,False
58,派对猫,4,#89C3EB,天蓝,136,13,天蓝,#20A8DC,18.848,13天蓝:18.848 / 2青色:39.589 / 15浅紫:69.371,False
58,派对猫,5,#FC7C72,红,226,16,棕色,#974714,38.784,16棕色:38.784 / 10红色:38.802 / 1粉红:41.012,False
58,派对猫,6,#FFB3AD,红,99,14,浅粉,#EEB2BC,32.031,14浅粉:32.031 / 5肤色:35.582 / 1粉红:52.137,True
58,派对猫,7,#D1C5C5,米白/白,138,20,米白,#F2EDE4,14.446,20米白:14.446 / 15浅紫:14.733 / 6米黄:29.842,False
58,派对猫,8,#1C60BA,天蓝,94,7,蓝色,#4A4DCF,33.678,7蓝色:33.678 / 18深蓝:43.23 / 13天蓝:44.601,False
59,猪猪鸭,0,#B9446D,红/粉,119,1,粉红,#ED5090,19.31,1粉红:19.31 / 17酒红:26.588 / 10红色:62.31,False
59,猪猪鸭,1,#FF86B1,红/粉,166,1,粉红,#ED5090,20.027,1粉红:20.027 / 17酒红:46.768 / 14浅粉:52.764,False
59,猪猪鸭,2,#28160B,黑/深灰,26,19,深灰,#373737,32.442,19深灰:32.442 / 17酒红:39.004 / 16棕色:68.873,False
59,猪猪鸭,3,#FFE064,黄,282,3,黄色,#F8C811,-6.778,3黄色:-6.778 / 9黄绿:42.259 / 4橙色:49.395,False
59,猪猪鸭,4,#CE5434,红,36,16,棕色,#974714,21.859,16棕色:21.859 / 10红色:28.676 / 17酒红:46.595,False
59,猪猪鸭,5,#573016,橙/棕,79,16,棕色,#974714,29.354,16棕色:29.354 / 17酒红:30.779 / 19深灰:50.284,False
59,猪猪鸭,6,#7AC3E9,天蓝,52,13,天蓝,#20A8DC,15.985,13天蓝:15.985 / 2青色:35.581 / 15浅紫:73.627,False
59,猪猪鸭,7,#D38C38,橙/棕,44,4,橙色,#FE8B10,10.586,4橙色:10.586 / 16棕色:30.153 / 3黄色:40.454,False
60,面包鹄,0,#311C41,紫,293,18,深蓝,#36387E,30.444,18深蓝:30.444 / 19深灰:60.38 / 7蓝色:64.223,False
60,面包鹄,1,#7568BB,蓝,242,18,深蓝,#36387E,24.005,18深蓝:24.005 / 7蓝色:32.163 / 8紫色:49.121,False
60,面包鹄,2,#FFFFFF,米白/白,13,20,米白,#F2EDE4,-2.147,20米白:-2.147 / 15浅紫:26.257 / 6米黄:31.651,False
60,面包鹄,3,#FFBC65,橙/棕,48,4,橙色,#FE8B10,16.506,4橙色:16.506 / 5肤色:31.644 / 3黄色:34.34,False
60,面包鹄,4,#FFF6B4,黄,250,3,黄色,#F8C811,24.851,3黄色:24.851 / 5肤色:52.466 / 6米黄:54.946,False
60,面包鹄,5,#C17A58,橙/棕,91,16,棕色,#974714,24.106,16棕色:24.106 / 5肤色:25.642 / 4橙色:32.279,False
60,面包鹄,6,#D1C6DE,紫,204,15,浅紫,#C4BED9,4.007,15浅紫:4.007 / 20米白:21.484 / 14浅粉:38.754,False
60,面包鹄,7,#CA80C9,粉,121,1,粉红,#ED5090,41.955,1粉红:41.955 / 14浅粉:45.922 / 8紫色:58.409,False
61,兔子,0,#5D3920,橙/棕,183,16,棕色,#974714,30.229,16棕色:30.229 / 17酒红:30.768 / 19深灰:48.076,False
61,兔子,1,#F3D3AA,橙/棕,195,5,肤色,#F4BD9E,13.993,5肤色:13.993 / 4橙色:44.988 / 14浅粉:54.64,False
61,兔子,2,#FDF5EB,米白/白,104,20,米白,#F2EDE4,-6.785,20米白:-6.785 / 6米黄:25.398 / 15浅紫:27.021,False
61,兔子,3,#EF7C77,红,18,1,粉红,#ED5090,38.4,1粉红:38.4 / 16棕色:38.679 / 17酒红:41.6,False
61,兔子,4,#AEC9FF,天蓝,131,13,天蓝,#20A8DC,30.456,13天蓝:30.456 / 15浅紫:45.38 / 2青色:53.711,False
61,兔子,5,#8080FF,蓝,90,7,蓝色,#4A4DCF,20.67,7蓝色:20.67 / 18深蓝:41.842 / 8紫色:43.034,False
61,兔子,6,#B57D56,橙/棕,60,5,肤色,#F4BD9E,25.067,5肤色:25.067 / 16棕色:25.886 / 4橙色:34.031,False
62,鲨鲨潜水,0,#0E152C,蓝,365,18,深蓝,#36387E,36.671,18深蓝:36.671 / 19深灰:55.464 / 13天蓝:69.515,False
62,鲨鲨潜水,1,#2B53DE,蓝,337,7,蓝色,#4A4DCF,9.339,7蓝色:9.339 / 8紫色:34.949 / 18深蓝:42.47,False
62,鲨鲨潜水,2,#FDA74A,橙/棕,141,4,橙色,#FE8B10,4.155,4橙色:4.155 / 3黄色:34.759 / 16棕色:40.983,False
62,鲨鲨潜水,3,#FFFFFF,米白/白,231,20,米白,#F2EDE4,-2.147,20米白:-2.147 / 15浅紫:26.257 / 6米黄:31.651,False
62,鲨鲨潜水,4,#6B8ECA,天蓝,418,13,天蓝,#20A8DC,25.204,13天蓝:25.204 / 7蓝色:55.023 / 18深蓝:57.912,False
62,鲨鲨潜水,5,#FE516B,红,62,1,粉红,#ED5090,27.945,1粉红:27.945 / 10红色:36.275 / 17酒红:47.582,False
62,鲨鲨潜水,6,#7BD4EC,天蓝,140,13,天蓝,#20A8DC,23.456,13天蓝:23.456 / 2青色:23.729 / 12深绿:74.774,False
62,鲨鲨潜水,7,#DE8478,红,19,16,棕色,#974714,36.08,16棕色:36.08 / 17酒红:39.832 / 5肤色:44.691,False
63,兔子踏青,0,#56362A,橙/棕,286,17,酒红,#782F3C,26.35,17酒红:26.35 / 16棕色:38.63 / 19深灰:40.774,False
63,兔子踏青,1,#F3F3F3,米白/白,409,20,米白,#F2EDE4,-4.685,20米白:-4.685 / 15浅紫:22.925 / 6米黄:30.358,False
63,兔子踏青,2,#FFB6BB,红,377,14,浅粉,#EEB2BC,7.635,14浅粉:7.635 / 5肤色:41.697 / 1粉红:49.212,False
63,兔子踏青,3,#753876,紫,135,18,深蓝,#36387E,34.23,18深蓝:34.23 / 8紫色:53.277 / 7蓝色:55.088,False
63,兔子踏青,4,#F7D67B,黄,177,3,黄色,#F8C811,6.189,3黄色:6.189 / 4橙色:49.714 / 9黄绿:50.78,False
63,兔子踏青,5,#DD6791,红/粉,122,1,粉红,#ED5090,15.474,1粉红:15.474 / 17酒红:36.596 / 14浅粉:57.505,False
63,兔子踏青,6,#FF8874,红,72,16,棕色,#974714,37.251,16棕色:37.251 / 10红色:41.933 / 1粉红:47.056,False
63,兔子踏青,7,#D75B5A,红,133,16,棕色,#974714,33.765,16棕色:33.765 / 17酒红:35.66 / 1粉红:36.191,False
63,兔子踏青,8,#D1C5C5,米白/白,125,20,米白,#F2EDE4,14.446,20米白:14.446 / 15浅紫:14.733 / 6米黄:29.842,False
63,兔子踏青,9,#347318,绿,78,11,绿色,#37A92D,30.002,11绿色:30.002 / 12深绿:38.715 / 9黄绿:50.448,False
63,兔子踏青,10,#6EB842,绿,56,11,绿色,#37A92D,16.383,11绿色:16.383 / 9黄绿:27.307 / 12深绿:56.28,False
63,兔子踏青,11,#BDD56D,黄绿,82,9,黄绿,#9FCE21,27.908,9黄绿:27.908 / 6米黄:32.885 / 11绿色:44.965,False
63,兔子踏青,12,#E0A254,橙/棕,108,4,橙色,#FE8B10,17.204,4橙色:17.204 / 5肤色:29.445 / 16棕色:37.138,False
64,爱心柯基,0,#592100,橙/棕,239,16,棕色,#974714,23.877,16棕色:23.877 / 17酒红:31.888 / 4橙色:51.099,False
64,爱心柯基,1,#FFAF58,橙/棕,357,4,橙色,#FE8B10,9.3,4橙色:9.3 / 3黄色:35.774 / 16棕色:42.162,False
64,爱心柯基,2,#F87F89,红,58,1,粉红,#ED5090,30.574,1粉红:30.574 / 17酒红:41.291 / 16棕色:47.116,False
64,爱心柯基,3,#FDFDF5,米白/白,303,20,米白,#F2EDE4,-4.458,20米白:-4.458 / 6米黄:27.654 / 15浅紫:28.026,False
64,爱心柯基,4,#D1B79D,橙/棕,70,5,肤色,#F4BD9E,14.719,5肤色:14.719 / 6米黄:41.172 / 14浅粉:47.586,False
64,爱心柯基,5,#E0414C,红,98,10,红色,#EA281A,28.503,10红色:28.503 / 1粉红:36.288 / 16棕色:40.788,False
65,鹅,0,#454242,黑/深灰,177,19,深灰,#373737,-2.637,19深灰:-2.637 / 17酒红:32.893 / 18深蓝:45.099,False
65,鹅,1,#CE5434,红,170,16,棕色,#974714,21.859,16棕色:21.859 / 10红色:28.676 / 17酒红:46.595,False
65,鹅,2,#F3F3F3,米白/白,221,20,米白,#F2EDE4,-4.685,20米白:-4.685 / 15浅紫:22.925 / 6米黄:30.358,False
65,鹅,3,#F98800,橙/棕,30,4,橙色,#FE8B10,-13.856,4橙色:-13.856 / 3黄色:40.164 / 16棕色:43.715,False
65,鹅,4,#0058C6,天蓝,53,7,蓝色,#4A4DCF,21.863,7蓝色:21.863 / 18深蓝:48.754 / 13天蓝:56.294,False
65,鹅,5,#67ACFF,天蓝,81,13,天蓝,#20A8DC,25.583,13天蓝:25.583 / 7蓝色:55.362 / 2青色:63.398,False
66,许愿瓶,0,#654131,橙/棕,102,17,酒红,#782F3C,26.379,17酒红:26.379 / 16棕色:34.003 / 19深灰:44.661,False
66,许愿瓶,1,#C68467,橙/棕,101,5,肤色,#F4BD9E,21.385,5肤色:21.385 / 16棕色:29.705 / 4橙色:36.239,False
66,许愿瓶,2,#27154D,蓝,277,18,深蓝,#36387E,20.937,18深蓝:20.937 / 7蓝色:51.41 / 8紫色:56.935,False
66,许愿瓶,3,#EAAF96,橙/棕,50,5,肤色,#F4BD9E,6.278,5肤色:6.278 / 14浅粉:41.556 / 4橙色:41.893,False
66,许愿瓶,4,#FFFFFF,米白/白,298,20,米白,#F2EDE4,-2.147,20米白:-2.147 / 15浅紫:26.257 / 6米黄:31.651,False
66,许愿瓶,5,#7FB8FF,天蓝,159,13,天蓝,#20A8DC,22.864,13天蓝:22.864 / 2青色:56.883 / 7蓝色:62.039,False
66,许愿瓶,6,#FFEF97,黄,93,3,黄色,#F8C811,12.992,3黄色:12.992 / 9黄绿:49.024 / 5肤色:56.66,False
66,许愿瓶,7,#976CFF,蓝,113,7,蓝色,#4A4DCF,23.089,7蓝色:23.089 / 8紫色:27.572 / 18深蓝:52.798,False
66,许愿瓶,8,#FFD932,黄,38,3,黄色,#F8C811,-20.211,3黄色:-20.211 / 9黄绿:42.316 / 4橙色:46.998,False
66,许愿瓶,9,#FFBFF6,粉,345,14,浅粉,#EEB2BC,31.543,14浅粉:31.543 / 1粉红:50.944 / 15浅紫:57.654,False
66,许愿瓶,10,#8D490A,橙/棕,35,16,棕色,#974714,7.05,16棕色:7.05 / 4橙色:27.399 / 17酒红:63.995,False
66,许愿瓶,11,#36399B,蓝,166,18,深蓝,#36387E,17.014,18深蓝:17.014 / 7蓝色:19.195 / 8紫色:39.094,False
67,企鹅冰棒,0,#384B8C,蓝,55,18,深蓝,#36387E,12.038,18深蓝:12.038 / 7蓝色:41.297 / 13天蓝:48.61,False
67,企鹅冰棒,1,#498FDB,天蓝,57,13,天蓝,#20A8DC,24.262,13天蓝:24.262 / 7蓝色:51.634 / 18深蓝:59.649,False
67,企鹅冰棒,2,#EFEFEF,米白/白,54,20,米白,#F2EDE4,-5.021,20米白:-5.021 / 15浅紫:21.87 / 6米黄:30.041,False
67,企鹅冰棒,3,#FFA6B5,红,8,14,浅粉,#EEB2BC,29.805,14浅粉:29.805 / 1粉红:39.5 / 17酒红:47.098,True
67,企鹅冰棒,4,#FB8F1B,橙/棕,8,4,橙色,#FE8B10,-12.173,4橙色:-12.173 / 3黄色:38.457 / 16棕色:42.079,False
67,企鹅冰棒,5,#B67B4B,橙/棕,9,16,棕色,#974714,23.203,16棕色:23.203 / 5肤色:27.952 / 4橙色:28.846,False
67,企鹅冰棒,6,#EDB283,橙/棕,9,5,肤色,#F4BD9E,10.733,5肤色:10.733 / 4橙色:31.339 / 16棕色:42.042,False
68,伯恩山,0,#373737,黑/深灰,198,19,深灰,#373737,-8.0,19深灰:-8.0 / 17酒红:34.922 / 18深蓝:45.425,False
68,伯恩山,1,#917C7A,红,263,17,酒红,#782F3C,37.793,17酒红:37.793 / 14浅粉:49.667 / 19深灰:50.003,False
68,伯恩山,2,#FDFDF5,米白/白,206,20,米白,#F2EDE4,-4.458,20米白:-4.458 / 6米黄:27.654 / 15浅紫:28.026,False
68,伯恩山,3,#FF9099,红,14,1,粉红,#ED5090,34.245,1粉红:34.245 / 14浅粉:41.86 / 17酒红:44.108,False
68,伯恩山,4,#FFBD75,橙/棕,96,4,橙色,#FE8B10,20.874,4橙色:20.874 / 5肤色:23.849 / 3黄色:41.86,False
68,伯恩山,5,#5C5C75,蓝,67,18,深蓝,#36387E,33.01,18深蓝:33.01 / 19深灰:40.751 / 13天蓝:47.537,False
68,伯恩山,6,#EAD4BE,橙/棕,56,20,米白,#F2EDE4,12.333,20米白:12.333 / 5肤色:17.442 / 6米黄:20.955,False
69,波普柠檬,0,#0D1342,蓝,113,18,深蓝,#36387E,22.28,18深蓝:22.28 / 7蓝色:54.556 / 8紫色:69.294,False
69,波普柠檬,1,#D5E034,黄绿,173,3,黄色,#F8C811,1.821,3黄色:1.821 / 9黄绿:19.383 / 4橙色:68.44,False
69,波普柠檬,2,#FFFFFF,米白/白,283,20,米白,#F2EDE4,-2.147,20米白:-2.147 / 15浅紫:26.257 / 6米黄:31.651,False
69,波普柠檬,3,#CF28B9,粉,115,8,紫色,#7221BC,40.753,8紫色:40.753 / 1粉红:43.861 / 7蓝色:78.487,False
69,波普柠檬,4,#0C8B39,绿,154,11,绿色,#37A92D,25.504,11绿色:25.504 / 12深绿:29.735 / 9黄绿:59.052,False
69,波普柠檬,5,#F19640,橙/棕,202,4,橙色,#FE8B10,2.553,4橙色:2.553 / 16棕色:34.659 / 3黄色:40.086,False
69,波普柠檬,6,#0EC2D3,青,42,2,青色,#4EEAEA,17.682,2青色:17.682 / 13天蓝:26.607 / 12深绿:47.199,False
69,波普柠檬,7,#FAFE77,黄,113,3,黄色,#F8C811,6.791,3黄色:6.791 / 9黄绿:31.198 / 4橙色:68.705,False
69,波普柠檬,8,#1A3616,绿,102,12,深绿,#207955,38.441,12深绿:38.441 / 19深灰:57.156 / 11绿色:65.815,False
70,虎爪,0,#331104,橙/棕,116,17,酒红,#782F3C,31.992,17酒红:31.992 / 19深灰:38.865 / 16棕色:45.791,False
70,虎爪,1,#DD8533,橙/棕,79,4,橙色,#FE8B10,4.638,4橙色:4.638 / 16棕色:28.149 / 3黄色:43.912,False
70,虎爪,2,#F3D69D,黄,161,3,黄色,#F8C811,23.751,3黄色:23.751 / 5肤色:38.391 / 6米黄:53.425,False
70,虎爪,3,#A1290D,红,68,16,棕色,#974714,19.916,16棕色:19.916 / 10红色:30.31 / 17酒红:43.282,False
70,虎爪,4,#FFA590,红,27,5,肤色,#F4BD9E,35.861,5肤色:35.861 / 16棕色:43.035 / 14浅粉:44.515,True
70,虎爪,5,#E14724,红,43,10,红色,#EA281A,13.888,10红色:13.888 / 16棕色:33.947 / 4橙色:55.398,False
71,纸杯熊,0,#3D2317,橙/棕,183,17,酒红,#782F3C,31.855,17酒红:31.855 / 19深灰:32.253 / 16棕色:43.474,False
71,纸杯熊,1,#EDC07A,黄,119,3,黄色,#F8C811,15.16,3黄色:15.16 / 5肤色:40.373 / 4橙色:45.784,False
71,纸杯熊,2,#ED6770,红,26,1,粉红,#ED5090,29.859,1粉红:29.859 / 17酒红:39.439 / 10红色:41.73,False
71,纸杯熊,3,#FFFFFF,米白/白,27,20,米白,#F2EDE4,-2.147,20米白:-2.147 / 15浅紫:26.257 / 6米黄:31.651,False
71,纸杯熊,4,#74CEFF,天蓝,97,13,天蓝,#20A8DC,16.097,13天蓝:16.097 / 2青色:37.449 / 15浅紫:77.931,False
71,纸杯熊,5,#D0E8F0,天蓝,74,20,米白,#F2EDE4,13.607,20米白:13.607 / 15浅紫:29.819 / 2青色:36.921,False
71,纸杯熊,6,#9E1C36,红,32,17,酒红,#782F3C,23.078,17酒红:23.078 / 1粉红:35.834 / 16棕色:39.389,False
71,纸杯熊,7,#874628,橙/棕,198,16,棕色,#974714,15.375,16棕色:15.375 / 17酒红:29.637 / 4橙色:40.992,False
71,纸杯熊,8,#CB977E,橙/棕,32,5,肤色,#F4BD9E,14.633,5肤色:14.633 / 16棕色:38.642 / 4橙色:42.335,False
72,歌手鲨,0,#162F61,天蓝,353,18,深蓝,#36387E,36.276,18深蓝:36.276 / 7蓝色:52.908 / 13天蓝:55.814,True
72,歌手鲨,1,#9FB6E2,天蓝,374,13,天蓝,#20A8DC,27.708,13天蓝:27.708 / 15浅紫:41.801 / 2青色:52.25,False
72,歌手鲨,2,#323232,黑/深灰,199,19,深灰,#373737,-5.719,19深灰:-5.719 / 17酒红:35.464 / 18深蓝:45.683,False
72,歌手鲨,3,#FFFFFF,米白/白,232,20,米白,#F2EDE4,-2.147,20米白:-2.147 / 15浅紫:26.257 / 6米黄:31.651,False
72,歌手鲨,4,#D76D63,红,80,16,棕色,#974714,31.326,16棕色:31.326 / 17酒红:36.283 / 1粉红:41.42,False
72,歌手鲨,5,#3B5591,天蓝,104,18,深蓝,#36387E,36.599,18深蓝:36.599 / 13天蓝:42.398 / 7蓝色:46.215,True
72,歌手鲨,6,#D13645,红,125,10,红色,#EA281A,30.905,10红色:30.905 / 1粉红:35.525 / 17酒红:39.2,False
72,歌手鲨,7,#6C6865,灰,12,19,深灰,#373737,21.345,19深灰:21.345 / 15浅紫:37.625 / 20米白:49.71,False
73,飞行鸭,0,#6B3C1D,橙/棕,184,16,棕色,#974714,22.444,16棕色:22.444 / 17酒红:30.938 / 4橙色:48.025,False
73,飞行鸭,1,#BC874E,橙/棕,132,4,橙色,#FE8B10,26.564,4橙色:26.564 / 5肤色:27.083 / 16棕色:28.227,False
73,飞行鸭,2,#231409,黑/深灰,46,19,深灰,#373737,32.334,19深灰:32.334 / 17酒红:41.554 / 16棕色:71.624,False
73,飞行鸭,3,#8FD0FF,天蓝,39,13,天蓝,#20A8DC,20.739,13天蓝:20.739 / 2青色:40.446 / 15浅紫:71.872,False
73,飞行鸭,4,#FFFFFF,米白/白,21,20,米白,#F2EDE4,-2.147,20米白:-2.147 / 15浅紫:26.257 / 6米黄:31.651,False
73,飞行鸭,5,#FFE372,黄,228,3,黄色,#F8C811,-1.565,3黄色:-1.565 / 9黄绿:43.653 / 4橙色:51.637,False
73,飞行鸭,6,#FF8B86,红,8,1,粉红,#ED5090,39.741,1粉红:39.741 / 16棕色:43.024 / 17酒红:46.206,False
73,飞行鸭,7,#CE5434,红,34,16,棕色,#974714,21.859,16棕色:21.859 / 10红色:28.676 / 17酒红:46.595,False
73,飞行鸭,8,#D89942,橙/棕,72,4,橙色,#FE8B10,13.885,4橙色:13.885 / 16棕色:35.472 / 3黄色:36.794,False
74,呐喊猫,0,#492812,橙/棕,107,17,酒红,#782F3C,31.995,17酒红:31.995 / 16棕色:34.832 / 19深灰:38.76,False
74,呐喊猫,1,#E5B67A,橙/棕,73,5,肤色,#F4BD9E,17.584,5肤色:17.584 / 4橙色:30.511 / 16棕色:45.006,False
74,呐喊猫,2,#EF7C77,红,31,1,粉红,#ED5090,38.4,1粉红:38.4 / 16棕色:38.679 / 17酒红:41.6,False
74,呐喊猫,3,#B4754B,橙/棕,40,16,棕色,#974714,21.019,16棕色:21.019 / 5肤色:28.437 / 4橙色:30.721,False
74,呐喊猫,4,#FAE9D1,米黄,111,20,米白,#F2EDE4,9.021,20米白:9.021 / 6米黄:19.608 / 5肤色:23.183,False
74,呐喊猫,5,#871400,红,66,16,棕色,#974714,21.941,16棕色:21.941 / 10红色:36.776 / 17酒红:39.072,False
74,呐喊猫,6,#B93E29,红,36,16,棕色,#974714,21.542,16棕色:21.542 / 10红色:28.91 / 17酒红:40.861,False
74,呐喊猫,7,#E0BC9B,橙/棕,36,5,肤色,#F4BD9E,9.327,5肤色:9.327 / 4橙色:44.209 / 14浅粉:48.512,False
75,小火娃,0,#2A1635,紫,215,18,深蓝,#36387E,35.918,18深蓝:35.918 / 19深灰:58.391 / 17酒红:65.658,False
75,小火娃,1,#D9442B,红,140,10,红色,#EA281A,16.877,10红色:16.877 / 16棕色:31.42 / 17酒红:53.228,False
75,小火娃,2,#FFCC70,黄,179,3,黄色,#F8C811,4.028,3黄色:4.028 / 4橙色:40.623 / 5肤色:51.219,False
75,小火娃,3,#F58E51,橙/棕,152,4,橙色,#FE8B10,10.17,4橙色:10.17 / 16棕色:30.057 / 3黄色:52.207,False
75,小火娃,4,#FDFDF5,米白/白,18,20,米白,#F2EDE4,-4.458,20米白:-4.458 / 6米黄:27.654 / 15浅紫:28.026,False
75,小火娃,5,#A78156,橙/棕,111,5,肤色,#F4BD9E,27.456,5肤色:27.456 / 16棕色:32.38 / 4橙色:37.87,False
75,小火娃,6,#6A4E3B,橙/棕,100,17,酒红,#782F3C,32.147,17酒红:32.147 / 16棕色:35.28 / 19深灰:44.161,False
75,小火娃,7,#FFD8AE,橙/棕,50,5,肤色,#F4BD9E,13.161,5肤色:13.161 / 4橙色:42.921 / 14浅粉:54.505,False
76,哥特蝴蝶,0,#2D1F41,紫,516,18,深蓝,#36387E,29.523,18深蓝:29.523 / 19深灰:57.838 / 7蓝色:64.034,False
76,哥特蝴蝶,1,#EFA067,橙/棕,110,4,橙色,#FE8B10,19.551,4橙色:19.551 / 5肤色:22.075 / 16棕色:33.824,False
76,哥特蝴蝶,2,#476485,天蓝,172,13,天蓝,#20A8DC,33.936,13天蓝:33.936 / 18深蓝:54.902 / 2青色:64.866,False
76,哥特蝴蝶,3,#CD616C,红,142,17,酒红,#782F3C,28.149,17酒红:28.149 / 1粉红:30.228 / 16棕色:40.405,False
76,哥特蝴蝶,4,#EADCDC,米白/白,80,20,米白,#F2EDE4,-2.412,20米白:-2.412 / 15浅紫:18.111 / 6米黄:28.775,False
76,哥特蝴蝶,5,#8561D9,蓝,98,7,蓝色,#4A4DCF,18.591,7蓝色:18.591 / 8紫色:29.001 / 18深蓝:38.592,False
76,哥特蝴蝶,6,#8FE1F5,天蓝,68,2,青色,#4EEAEA,22.622,2青色:22.622 / 13天蓝:28.681 / 20米白:71.443,False
77,星星蛋,0,#523A32,橙/棕,75,17,酒红,#782F3C,28.679,17酒红:28.679 / 19深灰:35.647 / 16棕色:43.715,False
77,星星蛋,1,#D4B39A,橙/棕,82,5,肤色,#F4BD9E,11.925,5肤色:11.925 / 6米黄:43.565 / 14浅粉:45.082,False
77,星星蛋,2,#F1F1F1,米白/白,161,20,米白,#F2EDE4,-4.898,20米白:-4.898 / 15浅紫:22.393 / 6米黄:30.192,False
77,星星蛋,3,#FFCC63,黄,39,3,黄色,#F8C811,-2.281,3黄色:-2.281 / 4橙色:38.824 / 9黄绿:53.212,False
77,星星蛋,4,#F5AB05,黄,29,3,黄色,#F8C811,-10.821,3黄色:-10.821 / 4橙色:23.796 / 9黄绿:60.451,False
78,吃瓜,0,#173922,绿,104,12,深绿,#207955,32.17,12深绿:32.17 / 19深灰:53.653 / 11绿色:72.287,False
78,吃瓜,1,#850000,红,84,16,棕色,#974714,27.524,16棕色:27.524 / 10红色:36.466 / 17酒红:37.413,False
78,吃瓜,2,#F95959,红,66,10,红色,#EA281A,26.529,10红色:26.529 / 1粉红:39.909 / 16棕色:41.962,False
78,吃瓜,3,#69A74D,绿,80,11,绿色,#37A92D,24.165,11绿色:24.165 / 9黄绿:39.523 / 12深绿:42.438,False
78,吃瓜,4,#B5E0A3,绿,73,6,米黄,#EBDEA6,31.374,6米黄:31.374 / 11绿色:48.684 / 9黄绿:53.278,False
78,吃瓜,5,#FF9BAB,红,38,14,浅粉,#EEB2BC,34.931,14浅粉:34.931 / 1粉红:35.042 / 17酒红:44.913,True
78,吃瓜,6,#DE0D0D,红,338,10,红色,#EA281A,4.983,10红色:4.983 / 16棕色:47.621 / 1粉红:64.21,False
78,吃瓜,7,#3A0002,红,30,17,酒红,#782F3C,24.592,17酒红:24.592 / 16棕色:49.123 / 19深灰:65.961,False
79,猫鲨,0,#3C312C,橙/棕,330,19,深灰,#373737,20.662,19深灰:20.662 / 17酒红:35.966 / 16棕色:50.92,False
79,猫鲨,1,#7077B5,蓝,609,18,深蓝,#36387E,27.587,18深蓝:27.587 / 13天蓝:38.803 / 7蓝色:45.171,False
79,猫鲨,2,#EBEEF5,米白/白,311,20,米白,#F2EDE4,-1.329,20米白:-1.329 / 15浅紫:19.52 / 6米黄:33.627,False
79,猫鲨,3,#A43D34,红,67,16,棕色,#974714,22.622,16棕色:22.622 / 17酒红:26.585 / 10红色:41.22,False
79,猫鲨,4,#F7C079,橙/棕,279,5,肤色,#F4BD9E,22.489,5肤色:22.489 / 4橙色:25.639 / 3黄色:42.347,False
79,猫鲨,5,#73B0FA,天蓝,34,13,天蓝,#20A8DC,22.565,13天蓝:22.565 / 2青色:58.978 / 7蓝色:59.256,False
79,猫鲨,6,#F6B2A9,红,8,14,浅粉,#EEB2BC,14.022,14浅粉:14.022 / 5肤色:14.706 / 6米黄:40.16,False
79,猫鲨,7,#CE7064,红,9,16,棕色,#974714,30.408,16棕色:30.408 / 17酒红:34.495 / 1粉红:44.12,False
80,郁金香信封,0,#901F29,红,249,17,酒红,#782F3C,21.595,17酒红:21.595 / 16棕色:31.931 / 1粉红:43.951,False
80,郁金香信封,1,#DA6069,红,193,1,粉红,#ED5090,29.982,1粉红:29.982 / 17酒红:33.263 / 16棕色:39.657,False
80,郁金香信封,2,#FFEFEA,红,220,20,米白,#F2EDE4,-5.241,20米白:-5.241 / 14浅粉:25.48 / 5肤色:26.452,False
80,郁金香信封,3,#C1ABA4,红,54,5,肤色,#F4BD9E,22.352,5肤色:22.352 / 14浅粉:22.407 / 20米白:23.275,False
80,郁金香信封,4,#C44000,橙/棕,291,4,橙色,#FE8B10,16.922,4橙色:16.922 / 16棕色:26.068 / 10红色:40.869,False
80,郁金香信封,5,#F7D67B,黄,458,3,黄色,#F8C811,6.189,3黄色:6.189 / 4橙色:49.714 / 9黄绿:50.78,False
80,郁金香信封,6,#EDA13C,橙/棕,145,4,橙色,#FE8B10,5.782,4橙色:5.782 / 3黄色:31.193 / 16棕色:40.379,False
80,郁金香信封,7,#91BA38,黄绿,85,9,黄绿,#9FCE21,16.165,9黄绿:16.165 / 11绿色:31.761 / 3黄色:49.887,False
80,郁金香信封,8,#548C1A,绿,115,11,绿色,#37A92D,24.719,11绿色:24.719 / 9黄绿:34.895 / 12深绿:50.624,False
80,郁金香信封,9,#33570E,绿,79,12,深绿,#207955,39.418,12深绿:39.418 / 11绿色:48.218 / 9黄绿:60.659,False
80,郁金香信封,10,#FFA3A9,红,330,14,浅粉,#EEB2BC,33.112,14浅粉:33.112 / 1粉红:41.52 / 5肤色:45.639,True
80,郁金香信封,11,#5CADFF,天蓝,190,13,天蓝,#20A8DC,23.215,13天蓝:23.215 / 7蓝色:57.45 / 2青色:61.36,False
81,甜筒,0,#663A11,橙/棕,114,16,棕色,#974714,22.206,16棕色:22.206 / 17酒红:36.678 / 4橙色:45.3,False
81,甜筒,1,#ACE946,黄绿,81,9,黄绿,#9FCE21,11.622,9黄绿:11.622 / 11绿色:38.558 / 3黄色:53.551,False
81,甜筒,2,#69A10C,黄绿,45,9,黄绿,#9FCE21,21.268,9黄绿:21.268 / 11绿色:24.486 / 3黄色:58.02,False
81,甜筒,3,#259DF8,天蓝,80,13,天蓝,#20A8DC,26.342,13天蓝:26.342 / 7蓝色:52.722 / 2青色:66.883,False
81,甜筒,4,#FFFFFF,米白/白,10,20,米白,#F2EDE4,-2.147,20米白:-2.147 / 15浅紫:26.257 / 6米黄:31.651,False
81,甜筒,5,#78C5FF,天蓝,84,13,天蓝,#20A8DC,16.509,13天蓝:16.509 / 2青色:45.207 / 7蓝色:73.368,False
81,甜筒,6,#FBBA5E,黄,52,3,黄色,#F8C811,3.853,3黄色:3.853 / 4橙色:31.863 / 5肤色:52.006,False
81,甜筒,7,#C7722D,橙/棕,26,4,橙色,#FE8B10,11.991,4橙色:11.991 / 16棕色:18.898 / 3黄色:51.88,False
82,彩虹心,0,#DE313B,红,60,10,红色,#EA281A,20.747,10红色:20.747 / 16棕色:41.536 / 1粉红:43.416,False
82,彩虹心,1,#FFC753,黄,62,3,黄色,#F8C811,-7.447,3黄色:-7.447 / 4橙色:34.978 / 9黄绿:53.243,False
82,彩虹心,2,#EE6C2C,橙/棕,63,4,橙色,#FE8B10,6.372,4橙色:6.372 / 16棕色:30.597 / 10红色:46.281,False
82,彩虹心,3,#70C7FF,天蓝,70,13,天蓝,#20A8DC,14.958,13天蓝:14.958 / 2青色:42.488 / 7蓝色:75.933,False
82,彩虹心,4,#C564F2,紫,52,8,紫色,#7221BC,28.286,8紫色:28.286 / 7蓝色:39.346 / 18深蓝:61.373,False
82,彩虹心,5,#99DB66,绿,61,9,黄绿,#9FCE21,25.221,9黄绿:25.221 / 11绿色:28.399 / 12深绿:63.617,False
83,干脆面,0,#6C1F24,红,194,17,酒红,#782F3C,11.065,17酒红:11.065 / 16棕色:36.283 / 1粉红:52.322,False
83,干脆面,1,#F8EFE5,米白/白,159,20,米白,#F2EDE4,-8.176,20米白:-8.176 / 6米黄:24.72 / 15浅紫:25.696,False
83,干脆面,2,#D87C56,橙/棕,301,16,棕色,#974714,23.891,16棕色:23.891 / 4橙色:24.501 / 5肤色:29.252,False
83,干脆面,3,#FF615B,红,90,10,红色,#EA281A,25.933,10红色:25.933 / 16棕色:41.409 / 1粉红:42.521,False
83,干脆面,4,#FFC3C0,红,3,14,浅粉,#EEB2BC,11.176,14浅粉:11.176 / 5肤色:18.213 / 6米黄:40.079,False
83,干脆面,5,#C33014,红,24,10,红色,#EA281A,17.415,10红色:17.415 / 16棕色:29.589 / 17酒红:53.317,False
84,老友记,0,#2B283E,蓝,92,18,深蓝,#36387E,33.195,18深蓝:33.195 / 19深灰:48.392 / 13天蓝:66.675,False
84,老友记,1,#743821,橙/棕,90,16,棕色,#974714,21.494,16棕色:21.494 / 17酒红:24.883 / 4橙色:48.343,False
84,老友记,2,#9997A2,灰,179,15,浅紫,#C4BED9,17.455,15浅紫:17.455 / 20米白:32.793 / 19深灰:40.352,False
84,老友记,3,#F0D2B3,橙/棕,299,5,肤色,#F4BD9E,13.408,5肤色:13.408 / 6米黄:35.384 / 14浅粉:49.997,False
84,老友记,4,#FF7C7A,红,122,1,粉红,#ED5090,36.704,1粉红:36.704 / 10红色:41.301 / 16棕色:42.315,False
84,老友记,5,#FFFFFF,米白/白,107,20,米白,#F2EDE4,-2.147,20米白:-2.147 / 15浅紫:26.257 / 6米黄:31.651,False
84,老友记,6,#BBCEDE,天蓝,66,20,米白,#F2EDE4,19.554,20米白:19.554 / 15浅紫:19.588 / 13天蓝:35.77,False
84,老友记,7,#5F1C1F,红,79,17,酒红,#782F3C,12.851,17酒红:12.851 / 16棕色:38.505 / 1粉红:56.751,False
84,老友记,8,#FDA74A,橙/棕,143,4,橙色,#FE8B10,4.155,4橙色:4.155 / 3黄色:34.759 / 16棕色:40.983,False
84,老友记,9,#3D2324,红,93,17,酒红,#782F3C,26.222,17酒红:26.222 / 19深灰:46.668 / 16棕色:52.985,False
84,老友记,10,#FFCA3E,黄,186,3,黄色,#F8C811,-17.046,3黄色:-17.046 / 4橙色:36.703 / 9黄绿:49.566,False
84,老友记,11,#C53828,红,3,10,红色,#EA281A,21.794,10红色:21.794 / 16棕色:28.105 / 17酒红:45.866,False
85,麋鹿,0,#1D120B,黑/深灰,112,19,深灰,#373737,31.884,19深灰:31.884 / 17酒红:43.78 / 16棕色:75.056,False
85,麋鹿,1,#462F1E,橙/棕,72,19,深灰,#373737,31.21,19深灰:31.21 / 17酒红:33.821 / 16棕色:40.697,False
85,麋鹿,2,#975736,橙/棕,94,16,棕色,#974714,15.97,16棕色:15.97 / 4橙色:37.494 / 17酒红:51.266,False
85,麋鹿,3,#E2C7B4,橙/棕,83,5,肤色,#F4BD9E,14.375,5肤色:14.375 / 20米白:15.726 / 6米黄:24.535,False
85,麋鹿,4,#B73022,红,37,10,红色,#EA281A,25.034,10红色:25.034 / 16棕色:25.977 / 17酒红:42.544,False
86,橘猫快乐水,0,#420C39,粉,161,17,酒红,#782F3C,53.627,17酒红:53.627 / 18深蓝:60.939 / 1粉红:61.819,True
86,橘猫快乐水,1,#FFF0DE,橙/棕,212,20,米白,#F2EDE4,6.128,20米白:6.128 / 6米黄:23.758 / 5肤色:25.729,False
86,橘猫快乐水,2,#61473A,橙/棕,55,17,酒红,#782F3C,29.967,17酒红:29.967 / 16棕色:39.069 / 19深灰:39.958,False
86,橘猫快乐水,3,#AF3B25,红,54,16,棕色,#974714,18.943,16棕色:18.943 / 10红色:31.952 / 17酒红:38.595,False
86,橘猫快乐水,4,#E5A65C,橙/棕,245,4,橙色,#FE8B10,18.277,4橙色:18.277 / 5肤色:26.897 / 16棕色:37.933,False
86,橘猫快乐水,5,#B77B34,橙/棕,54,4,橙色,#FE8B10,19.686,4橙色:19.686 / 16棕色:23.544 / 3黄色:48.658,False
86,橘猫快乐水,6,#E1C0A4,橙/棕,79,5,肤色,#F4BD9E,10.515,5肤色:10.515 / 6米黄:39.628 / 14浅粉:46.507,False
87,薯片狗,0,#245B14,绿,162,12,深绿,#207955,32.984,12深绿:32.984 / 11绿色:41.336 / 9黄绿:63.386,False
87,薯片狗,1,#7AB443,绿,276,11,绿色,#37A92D,22.848,11绿色:22.848 / 9黄绿:26.243 / 12深绿:55.671,False
87,薯片狗,2,#C8E17C,黄绿,387,9,黄绿,#9FCE21,30.283,9黄绿:30.283 / 6米黄:31.122 / 11绿色:47.428,False
87,薯片狗,3,#F9FF9C,黄绿,111,3,黄色,#F8C811,17.897,3黄色:17.897 / 9黄绿:41.03 / 5肤色:68.497,False
87,薯片狗,4,#E09B45,橙/棕,81,4,橙色,#FE8B10,11.499,4橙色:11.499 / 16棕色:35.518 / 3黄色:37.138,False
87,薯片狗,5,#FBCC6B,黄,71,3,黄色,#F8C811,1.668,3黄色:1.668 / 4橙色:41.423 / 9黄绿:53.563,False
87,薯片狗,6,#0E9E49,绿,88,11,绿色,#37A92D,22.966,11绿色:22.966 / 12深绿:33.254 / 9黄绿:57.594,False
87,薯片狗,7,#FFFFFF,米白/白,121,20,米白,#F2EDE4,-2.147,20米白:-2.147 / 15浅紫:26.257 / 6米黄:31.651,False
87,薯片狗,8,#E0414C,红,124,10,红色,#EA281A,28.503,10红色:28.503 / 1粉红:36.288 / 16棕色:40.788,False
87,薯片狗,9,#684944,红,74,17,酒红,#782F3C,24.504,17酒红:24.504 / 16棕色:42.554 / 19深灰:58.658,False
87,薯片狗,10,#FAB98D,橙/棕,165,5,肤色,#F4BD9E,9.108,5肤色:9.108 / 4橙色:32.087 / 16棕色:43.95,False
88,窗台幽灵,0,#43254D,紫,303,18,深蓝,#36387E,30.589,18深蓝:30.589 / 17酒红:60.647 / 7蓝色:63.399,False
88,窗台幽灵,1,#C1DBA8,绿,75,6,米黄,#EBDEA6,23.341,6米黄:23.341 / 20米白:26.579 / 9黄绿:56.347,False
88,窗台幽灵,2,#6DA24C,绿,136,11,绿色,#37A92D,28.488,11绿色:28.488 / 9黄绿:40.467 / 12深绿:41.615,False
88,窗台幽灵,3,#FF747E,红,160,1,粉红,#ED5090,30.005,1粉红:30.005 / 10红色:43.184 / 17酒红:44.185,False
88,窗台幽灵,4,#E69641,橙/棕,77,4,橙色,#FE8B10,6.662,4橙色:6.662 / 16棕色:33.621 / 3黄色:39.071,False
88,窗台幽灵,5,#FFCA57,黄,131,3,黄色,#F8C811,-6.975,3黄色:-6.975 / 4橙色:36.811 / 9黄绿:52.121,False
88,窗台幽灵,6,#B982FF,紫,54,7,蓝色,#4A4DCF,33.565,7蓝色:33.565 / 8紫色:36.407 / 18深蓝:52.132,False
88,窗台幽灵,7,#9ACCEB,天蓝,94,13,天蓝,#20A8DC,24.009,13天蓝:24.009 / 2青色:36.599 / 15浅紫:67.041,False
88,窗台幽灵,8,#65ABD6,天蓝,63,13,天蓝,#20A8DC,11.206,13天蓝:11.206 / 2青色:42.603 / 7蓝色:74.603,False
88,窗台幽灵,9,#302116,橙/棕,279,19,深灰,#373737,28.598,19深灰:28.598 / 17酒红:38.56 / 16棕色:49.076,False
88,窗台幽灵,10,#FFFFFF,米白/白,307,20,米白,#F2EDE4,-2.147,20米白:-2.147 / 15浅紫:26.257 / 6米黄:31.651,False
88,窗台幽灵,11,#0E3B35,青,429,12,深绿,#207955,35.271,12深绿:35.271 / 19深灰:48.839 / 13天蓝:59.771,False
88,窗台幽灵,12,#4DA078,绿,331,12,深绿,#207955,15.684,12深绿:15.684 / 11绿色:49.824 / 2青色:59.183,False
88,窗台幽灵,13,#8BF7C3,绿,184,12,深绿,#207955,46.29,12深绿:46.29 / 2青色:51.094 / 11绿色:54.353,False
88,窗台幽灵,14,#D6C4C4,红,55,20,米白,#F2EDE4,4.9,20米白:4.9 / 14浅粉:17.144 / 5肤色:22.987,False
88,窗台幽灵,15,#533A2A,橙/棕,65,17,酒红,#782F3C,31.521,17酒红:31.521 / 16棕色:38.521 / 19深灰:39.2,False
88,窗台幽灵,16,#B6896A,橙/棕,109,5,肤色,#F4BD9E,20.797,5肤色:20.797 / 16棕色:33.972 / 4橙色:41.011,False
89,幽灵,0,#744E47,红,97,17,酒红,#782F3C,23.122,17酒红:23.122 / 16棕色:38.792 / 1粉红:61.67,False
89,幽灵,1,#FBFDFC,米白/白,195,20,米白,#F2EDE4,-2.897,20米白:-2.897 / 15浅紫:25.918 / 6米黄:31.019,False
89,幽灵,2,#FFA9AD,红,36,14,浅粉,#EEB2BC,30.971,14浅粉:30.971 / 5肤色:43.158 / 1粉红:44.48,True
89,幽灵,3,#B5A9A2,橙/棕,85,14,浅粉,#EEB2BC,21.834,14浅粉:21.834 / 20米白:24.045 / 5肤色:24.539,False
90,焦糖土司,0,#563020,橙/棕,86,17,酒红,#782F3C,25.992,17酒红:25.992 / 16棕色:34.588 / 19深灰:45.483,False
90,焦糖土司,1,#FBF6D3,米黄,202,20,米白,#F2EDE4,13.422,20米白:13.422 / 6米黄:14.937 / 5肤色:31.349,False
90,焦糖土司,2,#A85E3E,橙/棕,54,16,棕色,#974714,15.84,16棕色:15.84 / 4橙色:34.216 / 5肤色:36.417,False
90,焦糖土司,3,#FBB52E,黄,125,3,黄色,#F8C811,-10.851,3黄色:-10.851 / 4橙色:25.792 / 9黄绿:58.444,False
90,焦糖土司,4,#DC5941,红,53,10,红色,#EA281A,27.161,10红色:27.161 / 16棕色:27.306 / 17酒红:46.905,False
90,焦糖土司,5,#FF953E,橙/棕,49,4,橙色,#FE8B10,-2.133,4橙色:-2.133 / 16棕色:36.969 / 3黄色:42.627,False
90,焦糖土司,6,#D58B56,橙/棕,38,4,橙色,#FE8B10,21.624,4橙色:21.624 / 5肤色:24.882 / 16棕色:26.278,False
91,蛙趣,0,#1C216B,蓝,192,18,深蓝,#36387E,11.424,18深蓝:11.424 / 7蓝色:36.14 / 8紫色:51.87,False
91,蛙趣,1,#74CEFF,天蓝,319,13,天蓝,#20A8DC,16.097,13天蓝:16.097 / 2青色:37.449 / 15浅紫:77.931,False
91,蛙趣,2,#2889BE,天蓝,161,13,天蓝,#20A8DC,13.561,13天蓝:13.561 / 2青色:53.329 / 18深蓝:65.389,False
91,蛙趣,3,#DC8C34,橙/棕,50,4,橙色,#FE8B10,5.516,4橙色:5.516 / 16棕色:31.05 / 3黄色:39.725,False
91,蛙趣,4,#FFD06B,黄,92,3,黄色,#F8C811,-0.014,3黄色:-0.014 / 4橙色:41.628 / 9黄绿:52.693,False
91,蛙趣,5,#2F2F2F,黑/深灰,24,19,深灰,#373737,-4.333,19深灰:-4.333 / 17酒红:35.86 / 18深蓝:45.894,False
91,蛙趣,6,#FEFEFE,米白/白,79,20,米白,#F2EDE4,-2.412,20米白:-2.412 / 15浅紫:25.971 / 6米黄:31.525,False
91,蛙趣,7,#D2D2D2,米白/白,146,20,米白,#F2EDE4,0.894,20米白:0.894 / 15浅紫:15.83 / 6米黄:29.684,False
92,熊猫花花,0,#1E3E11,绿,243,12,深绿,#207955,37.71,12深绿:37.71 / 11绿色:60.332 / 19深灰:63.876,False
92,熊猫花花,1,#90BA32,黄绿,374,9,黄绿,#9FCE21,14.175,9黄绿:14.175 / 11绿色:31.766 / 3黄色:49.392,False
92,熊猫花花,2,#F3F3F3,米白/白,346,20,米白,#F2EDE4,-4.685,20米白:-4.685 / 15浅紫:22.925 / 6米黄:30.358,False
92,熊猫花花,3,#433C3C,红,163,19,深灰,#373737,14.363,19深灰:14.363 / 17酒红:31.262 / 16棕色:52.239,True
92,熊猫花花,4,#599126,绿,304,11,绿色,#37A92D,24.244,11绿色:24.244 / 9黄绿:35.382 / 12深绿:48.554,False
92,熊猫花花,5,#B43C44,红,52,17,酒红,#782F3C,26.153,17酒红:26.153 / 16棕色:33.063 / 1粉红:36.078,False
92,熊猫花花,6,#787474,灰,200,19,深灰,#373737,26.167,19深灰:26.167 / 15浅紫:32.429 / 20米白:44.956,False
92,熊猫花花,7,#FFA3A9,红,81,14,浅粉,#EEB2BC,33.112,14浅粉:33.112 / 1粉红:41.52 / 5肤色:45.639,True
92,熊猫花花,8,#211919,黑/深灰,132,19,深灰,#373737,28.018,19深灰:28.018 / 17酒红:38.262 / 18深蓝:70.08,False
92,熊猫花花,9,#D1C5C5,米白/白,136,20,米白,#F2EDE4,14.446,20米白:14.446 / 15浅紫:14.733 / 6米黄:29.842,False
92,熊猫花花,10,#E1CB7E,黄,28,3,黄色,#F8C811,13.471,3黄色:13.471 / 5肤色:48.097 / 9黄绿:51.819,False
93,卡皮巴拉,0,#382818,橙/棕,177,19,深灰,#373737,29.351,19深灰:29.351 / 17酒红:38.61 / 16棕色:46.329,False
93,卡皮巴拉,1,#D67B25,橙/棕,21,4,橙色,#FE8B10,3.107,4橙色:3.107 / 16棕色:26.48 / 3黄色:45.316,False
93,卡皮巴拉,2,#805434,橙/棕,104,16,棕色,#974714,23.789,16棕色:23.789 / 17酒红:33.85 / 4橙色:44.742,False
93,卡皮巴拉,3,#BE8D57,橙/棕,247,5,肤色,#F4BD9E,24.427,5肤色:24.427 / 4橙色:29.244 / 16棕色:31.283,False
93,卡皮巴拉,4,#74B4FF,天蓝,11,13,天蓝,#20A8DC,22.701,13天蓝:22.701 / 2青色:58.486 / 7蓝色:60.204,False
93,卡皮巴拉,5,#D74126,红,46,10,红色,#EA281A,15.867,10红色:15.867 / 16棕色:31.577 / 17酒红:54.384,False
94,魔法鸭,0,#592E0D,橙/棕,198,16,棕色,#974714,26.027,16棕色:26.027 / 17酒红:33.375 / 4橙色:51.371,False
94,魔法鸭,1,#D19EFF,紫,54,7,蓝色,#4A4DCF,48.331,7蓝色:48.331 / 8紫色:51.607 / 18深蓝:54.624,False
94,魔法鸭,2,#9868E4,紫,129,7,蓝色,#4A4DCF,23.555,7蓝色:23.555 / 8紫色:28.538 / 18深蓝:44.131,False
94,魔法鸭,3,#F7E745,黄,184,3,黄色,#F8C811,-8.966,3黄色:-8.966 / 9黄绿:32.943 / 4橙色:57.632,False
94,魔法鸭,4,#F0B052,黄,86,3,黄色,#F8C811,3.281,3黄色:3.281 / 4橙色:30.256 / 9黄绿:61.073,False
94,魔法鸭,5,#FEFEFE,米白/白,57,20,米白,#F2EDE4,-2.412,20米白:-2.412 / 15浅紫:25.971 / 6米黄:31.525,False
95,卡皮巴猪,0,#56311F,橙/棕,222,17,酒红,#782F3C,27.303,17酒红:27.303 / 16棕色:33.755 / 19深灰:45.758,False
95,卡皮巴猪,1,#805934,橙/棕,148,16,棕色,#974714,25.576,16棕色:25.576 / 17酒红:38.076 / 4橙色:43.35,False
95,卡皮巴猪,2,#B4834E,橙/棕,275,5,肤色,#F4BD9E,27.441,5肤色:27.441 / 16棕色:28.209 / 4橙色:29.696,False
95,卡皮巴猪,3,#FFFFFF,米白/白,7,20,米白,#F2EDE4,-2.147,20米白:-2.147 / 15浅紫:26.257 / 6米黄:31.651,False
95,卡皮巴猪,4,#F5CEDC,红/粉,134,14,浅粉,#EEB2BC,14.216,14浅粉:14.216 / 20米白:18.741 / 15浅紫:31.472,False
95,卡皮巴猪,5,#EB7859,红,10,16,棕色,#974714,28.614,16棕色:28.614 / 10红色:37.667 / 17酒红:48.933,False
95,卡皮巴猪,6,#74B4FF,天蓝,8,13,天蓝,#20A8DC,22.701,13天蓝:22.701 / 2青色:58.486 / 7蓝色:60.204,False
96,毛线猫,0,#3F2E43,紫,454,18,深蓝,#36387E,40.697,18深蓝:40.697 / 19深灰:47.991 / 17酒红:58.078,False
96,毛线猫,1,#FF9B57,橙/棕,224,4,橙色,#FE8B10,8.547,4橙色:8.547 / 16棕色:34.317 / 3黄色:47.747,False
96,毛线猫,2,#DD713D,橙/棕,138,4,橙色,#FE8B10,13.815,4橙色:13.815 / 16棕色:22.198 / 10红色:54.804,False
96,毛线猫,3,#F3F3F3,米白/白,449,20,米白,#F2EDE4,-4.685,20米白:-4.685 / 15浅紫:22.925 / 6米黄:30.358,False
96,毛线猫,4,#7AC9FF,天蓝,190,13,天蓝,#20A8DC,16.532,13天蓝:16.532 / 2青色:42.295 / 15浅紫:75.976,False
96,毛线猫,5,#578FDD,天蓝,115,13,天蓝,#20A8DC,27.488,13天蓝:27.488 / 7蓝色:48.823 / 18深蓝:58.078,False
96,毛线猫,6,#5A5A5A,黑/深灰,412,19,深灰,#373737,15.173,19深灰:15.173 / 17酒红:35.082 / 18深蓝:46.605,False
96,毛线猫,7,#FFB3AD,红,83,14,浅粉,#EEB2BC,32.031,14浅粉:32.031 / 5肤色:35.582 / 1粉红:52.137,True
96,毛线猫,8,#D1C5C5,米白/白,180,20,米白,#F2EDE4,14.446,20米白:14.446 / 15浅紫:14.733 / 6米黄:29.842,False
96,毛线猫,9,#BD3734,红,32,16,棕色,#974714,29.068,16棕色:29.068 / 10红色:29.728 / 17酒红:36.903,False
96,毛线猫,10,#FFDF6D,黄,23,3,黄色,#F8C811,-3.219,3黄色:-3.219 / 9黄绿:44.605 / 4橙色:49.233,False
96,毛线猫,11,#FF4C48,红,47,10,红色,#EA281A,16.813,10红色:16.813 / 16棕色:45.108 / 1粉红:48.402,False
96,毛线猫,12,#E6B149,黄,18,3,黄色,#F8C811,-1.39,3黄色:-1.39 / 4橙色:33.742 / 9黄绿:54.567,False
97,草莓蛋糕,0,#563020,橙/棕,136,17,酒红,#782F3C,25.992,17酒红:25.992 / 16棕色:34.588 / 19深灰:45.483,False
97,草莓蛋糕,1,#7DBC63,绿,19,11,绿色,#37A92D,26.573,11绿色:26.573 / 9黄绿:38.627 / 12深绿:45.952,False
97,草莓蛋糕,2,#E0414C,红,88,10,红色,#EA281A,28.503,10红色:28.503 / 1粉红:36.288 / 16棕色:40.788,False
97,草莓蛋糕,3,#C4B9B3,橙/棕,80,20,米白,#F2EDE4,18.234,20米白:18.234 / 14浅粉:20.573 / 5肤色:23.326,False
97,草莓蛋糕,4,#FFBD5B,黄,169,3,黄色,#F8C811,1.094,3黄色:1.094 / 4橙色:30.967 / 9黄绿:60.663,False
97,草莓蛋糕,5,#FBFDFC,米白/白,156,20,米白,#F2EDE4,-2.897,20米白:-2.897 / 15浅紫:25.918 / 6米黄:31.019,False
98,鼠鼠我呀,0,#262627,黑/深灰,158,19,深灰,#373737,-0.095,19深灰:-0.095 / 17酒红:37.286 / 18深蓝:46.106,False
98,鼠鼠我呀,1,#D74126,红,36,10,红色,#EA281A,15.867,10红色:15.867 / 16棕色:31.577 / 17酒红:54.384,False
98,鼠鼠我呀,2,#573030,红,69,17,酒红,#782F3C,18.299,17酒红:18.299 / 16棕色:44.904 / 19深灰:59.428,False
98,鼠鼠我呀,3,#FF8B86,红,60,1,粉红,#ED5090,39.741,1粉红:39.741 / 16棕色:43.024 / 17酒红:46.206,False
98,鼠鼠我呀,4,#9A9A9A,灰,184,15,浅紫,#C4BED9,20.694,15浅紫:20.694 / 20米白:30.703 / 19深灰:40.533,False
98,鼠鼠我呀,5,#F3F3F3,米白/白,197,20,米白,#F2EDE4,-4.685,20米白:-4.685 / 15浅紫:22.925 / 6米黄:30.358,False
99,樱桃巧克力,0,#28130C,黑/深灰,372,19,深灰,#373737,33.35,19深灰:33.35 / 17酒红:36.464 / 16棕色:71.004,False
99,樱桃巧克力,1,#FFFFFF,米白/白,131,20,米白,#F2EDE4,-2.147,20米白:-2.147 / 15浅紫:26.257 / 6米黄:31.651,False
99,樱桃巧克力,2,#F76A67,红,231,10,红色,#EA281A,34.092,10红色:34.092 / 1粉红:37.619 / 16棕色:39.574,False
99,樱桃巧克力,3,#ECC8B0,橙/棕,366,5,肤色,#F4BD9E,9.932,5肤色:9.932 / 6米黄:41.213 / 14浅粉:44.061,False
99,樱桃巧克力,4,#68301A,橙/棕,541,16,棕色,#974714,24.346,16棕色:24.346 / 17酒红:24.985 / 4橙色:51.574,False
99,樱桃巧克力,5,#B3503C,红,482,16,棕色,#974714,18.6,16棕色:18.6 / 17酒红:32.415 / 10红色:41.216,False
99,樱桃巧克力,6,#B6896A,橙/棕,155,5,肤色,#F4BD9E,20.797,5肤色:20.797 / 16棕色:33.972 / 4橙色:41.011,False
99,樱桃巧克力,7,#E39F41,橙/棕,247,4,橙色,#FE8B10,10.485,4橙色:10.485 / 3黄色:33.301 / 16棕色:38.391,False
100,橘猫拉面,0,#542C14,橙/棕,496,17,酒红,#782F3C,29.849,17酒红:29.849 / 16棕色:30.206 / 19深灰:50.233,False
100,橘猫拉面,1,#FFCA57,黄,226,3,黄色,#F8C811,-6.975,3黄色:-6.975 / 4橙色:36.811 / 9黄绿:52.121,False
100,橘猫拉面,2,#FC7C72,红,80,16,棕色,#974714,38.784,16棕色:38.784 / 10红色:38.802 / 1粉红:41.012,False
100,橘猫拉面,3,#D48334,橙/棕,26,4,橙色,#FE8B10,8.237,4橙色:8.237 / 16棕色:26.252 / 3黄色:44.636,False
100,橘猫拉面,4,#2D2A3E,蓝,129,18,深蓝,#36387E,34.504,18深蓝:34.504 / 19深灰:46.73 / 13天蓝:66.394,False
100,橘猫拉面,5,#89C3EB,天蓝,279,13,天蓝,#20A8DC,18.848,13天蓝:18.848 / 2青色:39.589 / 15浅紫:69.371,False
100,橘猫拉面,6,#3884B8,天蓝,469,13,天蓝,#20A8DC,17.047,13天蓝:17.047 / 2青色:55.949 / 18深蓝:62.014,False
100,橘猫拉面,7,#F3F3F3,米白/白,475,20,米白,#F2EDE4,-4.685,20米白:-4.685 / 15浅紫:22.925 / 6米黄:30.358,False
100,橘猫拉面,8,#EE6C1D,橙/棕,146,4,橙色,#FE8B10,1.724,4橙色:1.724 / 16棕色:32.78 / 10红色:47.939,False
100,橘猫拉面,9,#6EB842,绿,26,11,绿色,#37A92D,16.383,11绿色:16.383 / 9黄绿:27.307 / 12深绿:56.28,False
100,橘猫拉面,10,#D1C5C5,米白/白,64,20,米白,#F2EDE4,14.446,20米白:14.446 / 15浅紫:14.733 / 6米黄:29.842,False
100,橘猫拉面,11,#93513E,红,164,16,棕色,#974714,22.611,16棕色:22.611 / 17酒红:24.766 / 1粉红:56.16,False
