sourceHex,semanticFamily,usage,levelCount,localColorId,localName,localHex,mappingScore,exampleLevels
#FFFFFF,米白/白,4844,40,20,米白,#F2EDE4,-2.147,"1,2,3,4,6,7,8,9,10,11,12,13"
#F3F3F3,米白/白,2928,8,20,米白,#F2EDE4,-4.685,"30,58,63,65,92,96,98,100"
#E0414C,红,1455,11,10,红色,#EA281A,28.503,"14,18,28,32,34,38,41,46,64,87,97"
#FDFDF5,米白/白,1012,6,20,米白,#F2EDE4,-4.458,"22,41,57,64,68,75"
#2D1F41,紫,855,3,18,深蓝,#36387E,29.523,"36,39,76"
#D1C5C5,米白/白,765,6,20,米白,#F2EDE4,14.446,"30,58,63,92,96,100"
#FFAF58,橙/棕,676,3,4,橙色,#FE8B10,9.3,"42,55,64"
#F7D67B,黄,660,3,3,黄色,#F8C811,6.189,"58,63,80"
#7077B5,蓝,609,1,18,深蓝,#36387E,27.587,79
#FEE7DC,橙/棕,608,1,20,米白,#F2EDE4,6.801,20
#FFE4A9,黄,591,1,3,黄色,#F8C811,23.817,33
#585C77,蓝,587,1,18,深蓝,#36387E,32.827,30
#3D2317,橙/棕,569,3,17,酒红,#782F3C,31.855,"32,55,71"
#342D2D,红,562,1,19,深灰,#373737,15.132,58
#535353,黑/深灰,542,1,19,深灰,#373737,12.233,14
#68301A,橙/棕,541,1,16,棕色,#974714,24.346,99
#74CEFF,天蓝,541,4,13,天蓝,#20A8DC,16.097,"55,57,71,91"
#73B0FA,天蓝,528,4,13,天蓝,#20A8DC,22.565,"33,36,39,79"
#FFF0DE,橙/棕,521,4,20,米白,#F2EDE4,6.128,"27,37,53,86"
#542C14,橙/棕,496,1,17,酒红,#782F3C,29.849,100
#FFD06B,黄,483,5,3,黄色,#F8C811,-0.014,"14,18,41,47,91"
#B3503C,红,482,1,16,棕色,#974714,18.6,99
#3884B8,天蓝,469,1,13,天蓝,#20A8DC,17.047,100
#3F2E43,紫,454,1,18,深蓝,#36387E,40.697,96
#A1A1A1,灰,446,1,15,浅紫,#C4BED9,18.922,55
#F76A67,红,446,2,10,红色,#EA281A,34.092,"30,99"
#FFDF97,黄,444,1,3,黄色,#F8C811,16.467,26
#FFAC9D,红,443,1,5,肤色,#F4BD9E,33.906,20
#0E3B35,青,429,1,12,深绿,#207955,35.271,88
#FBFDFC,米白/白,428,3,20,米白,#F2EDE4,-2.897,"23,89,97"
#EDC07A,黄,426,2,3,黄色,#F8C811,15.16,"35,71"
#592100,橙/棕,424,3,16,棕色,#974714,23.877,"52,55,64"
#6B8ECA,天蓝,418,1,13,天蓝,#20A8DC,25.204,62
#312C45,蓝,417,3,18,深蓝,#36387E,31.479,"3,15,45"
#89C3EB,天蓝,415,2,13,天蓝,#20A8DC,18.848,"58,100"
#5A5A5A,黑/深灰,412,1,19,深灰,#373737,15.173,96
#FFA3A9,红,411,2,14,浅粉,#EEB2BC,33.112,"80,92"
#555050,黑/深灰,409,1,19,深灰,#373737,11.63,29
#FFB3A9,红,406,1,5,肤色,#F4BD9E,33.527,29
#C8E17C,黄绿,387,1,9,黄绿,#9FCE21,30.283,87
#C5B6FF,蓝,384,1,15,浅紫,#C4BED9,47.144,47
#373737,黑/深灰,378,2,19,深灰,#373737,-8.0,"22,68"
#FFB6BB,红,377,1,14,浅粉,#EEB2BC,7.635,63
#90BA32,黄绿,374,1,9,黄绿,#9FCE21,14.175,92
#9FB6E2,天蓝,374,1,13,天蓝,#20A8DC,27.708,72
#28130C,黑/深灰,372,1,19,深灰,#373737,33.35,99
#E5A65C,橙/棕,368,2,4,橙色,#FE8B10,18.277,"27,86"
#BACCE9,天蓝,366,1,15,浅紫,#C4BED9,15.347,26
#ECC8B0,橙/棕,366,1,5,肤色,#F4BD9E,9.932,99
#0E152C,蓝,365,1,18,深蓝,#36387E,36.671,62
#FFCA57,黄,357,2,3,黄色,#F8C811,-6.975,"88,100"
#2D2727,红,355,1,19,深灰,#373737,17.403,30
#FAE9D1,米黄,355,2,20,米白,#F2EDE4,9.021,"25,74"
#FEFEFE,米白/白,355,3,20,米白,#F2EDE4,-2.412,"44,91,94"
#F55E7F,红,354,1,1,粉红,#ED5090,17.438,20
#162F61,天蓝,353,1,18,深蓝,#36387E,36.276,72
#FFBFF6,粉,345,1,14,浅粉,#EEB2BC,31.543,66
#DE0D0D,红,338,1,10,红色,#EA281A,4.983,78
#2B53DE,蓝,337,1,7,蓝色,#4A4DCF,9.339,62
#4DA078,绿,331,1,12,深绿,#207955,15.684,88
#3C312C,橙/棕,330,1,19,深灰,#373737,20.662,79
#111110,黑/深灰,325,1,19,深灰,#373737,10.042,44
#152161,蓝,325,1,18,深蓝,#36387E,12.478,33
#EBE6FF,蓝,319,1,20,米白,#F2EDE4,7.593,45
#EBEEF5,米白/白,311,1,20,米白,#F2EDE4,-1.329,79
#3C9CCF,天蓝,309,2,13,天蓝,#20A8DC,7.105,"18,45"
#FC7C72,红,306,2,16,棕色,#974714,38.784,"58,100"
#CD4548,红,305,2,10,红色,#EA281A,33.04,"30,58"
#599126,绿,304,1,11,绿色,#37A92D,24.244,92
#43254D,紫,303,1,18,深蓝,#36387E,30.589,88
#D87C56,橙/棕,301,1,16,棕色,#974714,23.891,83
#F0D2B3,橙/棕,299,1,5,肤色,#F4BD9E,13.408,84
#F8EFE5,米白/白,297,2,20,米白,#F2EDE4,-8.176,"31,83"
#BC874E,橙/棕,296,2,4,橙色,#FE8B10,26.564,"36,73"
#311C41,紫,293,1,18,深蓝,#36387E,30.444,60
#295417,绿,292,2,12,深绿,#207955,33.029,"25,34"
#C44000,橙/棕,291,1,4,橙色,#FE8B10,16.922,80
#56362A,橙/棕,286,1,17,酒红,#782F3C,26.35,63
#FDA74A,橙/棕,284,2,4,橙色,#FE8B10,4.155,"62,84"
#FFE064,黄,282,1,3,黄色,#F8C811,-6.778,59
#302116,橙/棕,279,1,19,深灰,#373737,28.598,88
#F7C079,橙/棕,279,1,5,肤色,#F4BD9E,22.489,79
#27154D,蓝,277,1,18,深蓝,#36387E,20.937,66
#44475A,蓝,277,1,18,深蓝,#36387E,34.731,57
#505576,蓝,277,1,18,深蓝,#36387E,28.265,36
#7AB443,绿,276,1,11,绿色,#37A92D,22.848,87
#B4834E,橙/棕,275,1,5,肤色,#F4BD9E,27.441,95
#FFCF9B,橙/棕,271,1,5,肤色,#F4BD9E,13.513,21
#000000,黑/深灰,270,2,19,深灰,#373737,15.069,"14,28"
#5A5777,蓝,270,1,18,深蓝,#36387E,29.234,37
#EAD4BE,橙/棕,269,3,20,米白,#F2EDE4,12.333,"24,57,68"
#A2A8B2,天蓝,267,1,15,浅紫,#C4BED9,31.873,48
#361C49,紫,266,2,18,深蓝,#36387E,26.854,"31,37"
#B6896A,橙/棕,264,2,5,肤色,#F4BD9E,20.797,"88,99"
#917C7A,红,263,1,17,酒红,#782F3C,37.793,68
#FFCB80,黄,263,1,3,黄色,#F8C811,12.666,56
#7BA1FF,天蓝,261,1,13,天蓝,#20A8DC,37.495,23
#A18AFF,蓝,259,1,7,蓝色,#4A4DCF,29.675,42
#FFBC3F,黄,254,2,3,黄色,#F8C811,-9.557,"3,6"
#2E2941,蓝,252,2,18,深蓝,#36387E,32.464,"5,12"
#E7CBC5,红,251,1,20,米白,#F2EDE4,13.42,44
#FFF6B4,黄,250,1,3,黄色,#F8C811,24.851,60
#901F29,红,249,1,17,酒红,#782F3C,21.595,80
#BE8D57,橙/棕,247,1,5,肤色,#F4BD9E,24.427,93
#D85D1F,橙/棕,247,1,4,橙色,#FE8B10,10.122,52
#E39F41,橙/棕,247,1,4,橙色,#FE8B10,10.485,99
#F3ECE1,米白/白,247,1,20,米白,#F2EDE4,-8.711,39
#1E3E11,绿,243,1,12,深绿,#207955,37.71,92
#7568BB,蓝,242,1,18,深蓝,#36387E,24.005,60
#746868,红,240,1,17,酒红,#782F3C,32.715,38
#CE5434,红,240,3,16,棕色,#974714,21.859,"59,65,73"
#BBB7BA,灰,237,1,15,浅紫,#C4BED9,13.296,24
#FFE372,黄,228,1,3,黄色,#F8C811,-1.565,73
#74AE56,绿,227,2,11,绿色,#37A92D,26.789,"32,52"
#8D8D8D,灰,227,2,15,浅紫,#C4BED9,24.455,"22,32"
#4A4949,黑/深灰,225,1,19,深灰,#373737,0.062,28
#3D2351,紫,224,1,18,深蓝,#36387E,24.874,18
#FF9B57,橙/棕,224,1,4,橙色,#FE8B10,8.547,96
#563020,橙/棕,222,2,17,酒红,#782F3C,25.992,"90,97"
#56311F,橙/棕,222,1,17,酒红,#782F3C,27.303,95
#FFB3AD,红,222,3,14,浅粉,#EEB2BC,32.031,"30,58,96"
#FFEBD1,橙/棕,222,1,20,米白,#F2EDE4,10.454,18
#FFCA3E,黄,221,2,3,黄色,#F8C811,-17.046,"39,84"
#7EAA1C,黄绿,220,1,9,黄绿,#9FCE21,17.228,25
#D3C3D5,紫,220,1,15,浅紫,#C4BED9,6.435,20
#FFEFEA,红,220,1,20,米白,#F2EDE4,-5.241,80
#D03434,红,217,2,10,红色,#EA281A,21.845,"4,10"
#2A1635,紫,215,1,18,深蓝,#36387E,35.918,75
#525880,蓝,213,1,18,深蓝,#36387E,25.193,39
#FFA2AA,红,211,3,14,浅粉,#EEB2BC,33.027,"14,18,24"
#D1C6DE,紫,204,1,15,浅紫,#C4BED9,4.007,60
#FF86B1,红/粉,204,2,1,粉红,#ED5090,20.027,"17,59"
#FDD8D0,红,203,2,20,米白,#F2EDE4,12.98,"22,35"
#F19640,橙/棕,202,1,4,橙色,#FE8B10,2.553,69
#FBF6D3,米黄,202,1,20,米白,#F2EDE4,13.422,90
#FEB9B8,红,202,1,14,浅粉,#EEB2BC,9.716,9
#787474,灰,200,1,19,深灰,#373737,26.167,92
#7DBC63,绿,200,4,11,绿色,#37A92D,26.573,"34,38,46,97"
#323232,黑/深灰,199,1,19,深灰,#373737,-5.719,72
#592E0D,橙/棕,198,1,16,棕色,#974714,26.027,94
#874628,橙/棕,198,1,16,棕色,#974714,15.375,71
#395328,绿,196,1,12,深绿,#207955,33.538,50
#F3D3AA,橙/棕,195,1,5,肤色,#F4BD9E,13.993,61
#6C1F24,红,194,1,17,酒红,#782F3C,11.065,83
#DA6069,红,193,1,1,粉红,#ED5090,29.982,80
#F16D3B,橙/棕,193,1,4,橙色,#FE8B10,12.089,56
#1C216B,蓝,192,1,18,深蓝,#36387E,11.424,91
#AF4C0C,橙/棕,192,1,16,棕色,#974714,11.844,26
#F97F30,橙/棕,191,1,4,橙色,#FE8B10,-1.357,12
#552F23,红,190,1,17,酒红,#782F3C,24.126,21
#5CADFF,天蓝,190,1,13,天蓝,#20A8DC,23.215,80
#7AC9FF,天蓝,190,1,13,天蓝,#20A8DC,16.532,96
#47281D,橙/棕,189,1,17,酒红,#782F3C,27.91,4
#AD6133,橙/棕,189,1,16,棕色,#974714,11.054,35
#8FD9E9,天蓝,188,2,2,青色,#4EEAEA,23.044,"18,45"
#362010,橙/棕,186,1,19,深灰,#373737,33.096,27
#EA6974,红,185,2,1,粉红,#ED5090,28.508,"55,57"
#6B3C1D,橙/棕,184,1,16,棕色,#974714,22.444,73
#8BF7C3,绿,184,1,12,深绿,#207955,46.29,88
#9A9A9A,灰,184,1,15,浅紫,#C4BED9,20.694,98
#F7E745,黄,184,1,3,黄色,#F8C811,-8.966,94
#5D3920,橙/棕,183,1,16,棕色,#974714,30.229,61
#FFCC44,黄,180,1,3,黄色,#F8C811,-15.587,52
#9997A2,灰,179,1,15,浅紫,#C4BED9,17.455,84
#D67B25,橙/棕,179,2,4,橙色,#FE8B10,3.107,"54,93"
#FFCC70,黄,179,1,3,黄色,#F8C811,4.028,75
#382818,橙/棕,177,1,19,深灰,#373737,29.351,93
#454242,黑/深灰,177,1,19,深灰,#373737,-2.637,65
#9A5320,橙/棕,177,1,16,棕色,#974714,6.55,41
#FFD2D3,红,176,1,14,浅粉,#EEB2BC,13.913,13
#FBA636,橙/棕,174,1,4,橙色,#FE8B10,1.24,30
#D5E034,黄绿,173,1,3,黄色,#F8C811,1.821,69
#476485,天蓝,172,1,13,天蓝,#20A8DC,33.936,76
#3A7E57,绿,171,1,12,深绿,#207955,6.99,30
#FFD68A,黄,170,2,3,黄色,#F8C811,13.198,"9,10"
#DC6B21,橙/棕,169,2,4,橙色,#FE8B10,4.427,"3,7"
#FFBD5B,黄,169,1,3,黄色,#F8C811,1.094,97
#2D2222,红,167,1,17,酒红,#782F3C,34.588,29
#E4B787,橙/棕,167,1,5,肤色,#F4BD9E,11.55,33
#36399B,蓝,166,1,18,深蓝,#36387E,17.014,66
#282628,黑/深灰,165,1,19,深灰,#373737,-0.179,24
#FAB98D,橙/棕,165,1,5,肤色,#F4BD9E,9.108,87
#5A3137,红,164,1,17,酒红,#782F3C,15.371,20
#93513E,红,164,1,16,棕色,#974714,22.611,100
#433C3C,红,163,1,19,深灰,#373737,14.363,92
#CDBBBB,红,163,1,14,浅粉,#EEB2BC,16.946,29
#245B14,绿,162,1,12,深绿,#207955,32.984,87
#2889BE,天蓝,161,1,13,天蓝,#20A8DC,13.561,91
#420C39,粉,161,1,17,酒红,#782F3C,53.627,86
#F1F1F1,米白/白,161,1,20,米白,#F2EDE4,-4.898,77
#F3D69D,黄,161,1,3,黄色,#F8C811,23.751,70
#E49B40,橙/棕,160,1,4,橙色,#FE8B10,8.524,41
#FF747E,红,160,1,1,粉红,#ED5090,30.005,88
#7FB8FF,天蓝,159,1,13,天蓝,#20A8DC,22.864,66
#F5F5F5,米白/白,159,1,20,米白,#F2EDE4,-4.394,19
#FF8299,红,159,1,1,粉红,#ED5090,24.842,33
#262627,黑/深灰,158,1,19,深灰,#373737,-0.095,98
#BA562D,橙/棕,158,1,16,棕色,#974714,12.544,21
#3F220E,橙/棕,156,1,17,酒红,#782F3C,33.752,49
#CB8D65,橙/棕,156,1,5,肤色,#F4BD9E,19.098,4
#0C8B39,绿,154,1,11,绿色,#37A92D,25.504,69
#EC9E55,橙/棕,154,1,4,橙色,#FE8B10,12.535,53
#2E2623,橙/棕,152,1,19,深灰,#373737,0.479,17
#F58E51,橙/棕,152,1,4,橙色,#FE8B10,10.17,75
#DB963F,橙/棕,151,1,4,橙色,#FE8B10,10.972,49
#FFA0C2,红/粉,151,1,14,浅粉,#EEB2BC,19.566,43
#805934,橙/棕,148,1,16,棕色,#974714,25.576,95
#F0B052,黄,148,2,3,黄色,#F8C811,3.281,"48,94"
#D2D2D2,米白/白,146,1,20,米白,#F2EDE4,0.894,91
#EE6C1D,橙/棕,146,1,4,橙色,#FE8B10,1.724,100
#EDA13C,橙/棕,145,1,4,橙色,#FE8B10,5.782,80
#251F1F,黑/深灰,142,1,19,深灰,#373737,3.072,38
#CD616C,红,142,1,17,酒红,#782F3C,28.149,76
#FFDC6B,黄,142,1,3,黄色,#F8C811,-3.512,49
#C98A7E,红,141,2,17,酒红,#782F3C,39.354,"22,44"
#F87F89,红,141,4,1,粉红,#ED5090,30.574,"22,32,44,64"
#7BD4EC,天蓝,140,1,13,天蓝,#20A8DC,23.456,62
#D9442B,红,140,1,10,红色,#EA281A,16.877,75
#123060,天蓝,139,1,18,深蓝,#36387E,38.493,23
#996541,橙/棕,139,1,16,棕色,#974714,21.527,32
#8B3231,红,138,1,17,酒红,#782F3C,15.974,29
#DD713D,橙/棕,138,1,4,橙色,#FE8B10,13.815,96
#FFE4E5,红,138,3,20,米白,#F2EDE4,9.551,"34,38,46"
#5A3A2D,橙/棕,137,1,17,酒红,#782F3C,26.667,6
#6DA24C,绿,136,1,11,绿色,#37A92D,28.488,88
#FDF5EB,米白/白,136,2,20,米白,#F2EDE4,-6.785,"48,61"
#FFF8CA,黄,136,1,6,米黄,#EBDEA6,11.387,54
#323644,蓝,135,1,18,深蓝,#36387E,38.571,40
#753876,紫,135,1,18,深蓝,#36387E,34.23,63
#F5CEDC,红/粉,134,1,14,浅粉,#EEB2BC,14.216,95
#4079D9,天蓝,133,2,7,蓝色,#4A4DCF,34.646,"37,50"
#D75B5A,红,133,1,16,棕色,#974714,33.765,63
#211919,黑/深灰,132,1,19,深灰,#373737,28.018,92
#26282A,天蓝,132,1,19,深灰,#373737,17.276,48
#366BDA,天蓝,131,1,7,蓝色,#4A4DCF,23.247,42
#8A8A8A,灰,131,1,15,浅紫,#C4BED9,25.392,4
#AEC9FF,天蓝,131,1,13,天蓝,#20A8DC,30.456,61
#FCFCFC,米白/白,131,1,20,米白,#F2EDE4,-2.921,24
#601915,红,130,1,17,酒红,#782F3C,18.479,51
#2D2A3E,蓝,129,1,18,深蓝,#36387E,34.504,100
#9868E4,紫,129,1,7,蓝色,#4A4DCF,23.555,94
#7785E3,蓝,128,1,7,蓝色,#4A4DCF,33.14,13
#D4B39A,橙/棕,128,2,5,肤色,#F4BD9E,11.925,"40,77"
#6D4940,红,127,1,17,酒红,#782F3C,23.956,44
#FFD5D2,红,126,1,20,米白,#F2EDE4,15.136,51
#641725,红,125,3,17,酒红,#782F3C,9.338,"34,38,46"
#D13645,红,125,1,10,红色,#EA281A,30.905,72
#E1E1E1,米白/白,125,1,20,米白,#F2EDE4,-3.396,28
#FBB52E,黄,125,1,3,黄色,#F8C811,-10.851,90
#2E6222,绿,124,2,12,深绿,#207955,28.718,"32,52"
#3A3A50,蓝,124,2,18,深蓝,#36387E,31.17,"8,11"
#86D5FF,天蓝,123,1,13,天蓝,#20A8DC,19.963,19
#9CC939,黄绿,122,1,9,黄绿,#9FCE21,9.361,34
#B95852,红,122,1,17,酒红,#782F3C,26.812,51
#DD6791,红/粉,122,1,1,粉红,#ED5090,15.474,63
#FF7C7A,红,122,1,1,粉红,#ED5090,36.704,84
#823D46,红,121,1,17,酒红,#782F3C,5.935,53
#CA80C9,粉,121,1,1,粉红,#ED5090,41.955,60
#397ED0,天蓝,119,1,13,天蓝,#20A8DC,31.371,36
#B9446D,红/粉,119,1,1,粉红,#ED5090,19.31,59
#29204F,蓝,118,1,18,深蓝,#36387E,19.447,47
#AA2A32,红,118,1,17,酒红,#782F3C,29.037,56
#D6D6D6,米白/白,118,1,20,米白,#F2EDE4,-0.357,14
#FF8B86,红,118,5,1,粉红,#ED5090,39.741,"21,25,34,73,98"
#FF9693,红,118,1,1,粉红,#ED5090,41.168,39
#411B01,橙/棕,117,1,17,酒红,#782F3C,32.831,56
#331104,橙/棕,116,1,17,酒红,#782F3C,31.992,70
#F9F1F0,米白/白,116,1,20,米白,#F2EDE4,-5.388,51
#548C1A,绿,115,1,11,绿色,#37A92D,24.719,80
#578FDD,天蓝,115,1,13,天蓝,#20A8DC,27.488,96
#B78E5F,橙/棕,115,1,5,肤色,#F4BD9E,23.186,32
#CF28B9,粉,115,1,8,紫色,#7221BC,40.753,69
#D31847,红/粉,115,1,1,粉红,#ED5090,30.878,39
#663A11,橙/棕,114,1,16,棕色,#974714,22.206,81
#0D1342,蓝,113,1,18,深蓝,#36387E,22.28,69
#976CFF,蓝,113,1,7,蓝色,#4A4DCF,23.089,66
#AA673A,橙/棕,113,1,16,棕色,#974714,14.896,27
#FAFE77,黄,113,1,3,黄色,#F8C811,6.791,69
#1D120B,黑/深灰,112,1,19,深灰,#373737,31.884,85
#AF215D,粉,112,1,1,粉红,#ED5090,19.713,16
#7440D9,紫,111,1,8,紫色,#7221BC,12.365,50
#A78156,橙/棕,111,1,5,肤色,#F4BD9E,27.456,75
#F9FF9C,黄绿,111,1,3,黄色,#F8C811,17.897,87
#21375F,天蓝,110,1,18,深蓝,#36387E,42.515,35
#783D32,红,110,1,17,酒红,#782F3C,17.238,10
#EFA067,橙/棕,110,1,4,橙色,#FE8B10,19.551,76
#ACE946,黄绿,108,2,9,黄绿,#9FCE21,11.622,"17,81"
#DAC4B0,橙/棕,108,1,20,米白,#F2EDE4,16.208,48
#E0A254,橙/棕,108,1,4,橙色,#FE8B10,17.204,63
#492812,橙/棕,107,1,17,酒红,#782F3C,31.995,74
#173922,绿,104,1,12,深绿,#207955,32.17,78
#3B5591,天蓝,104,1,18,深蓝,#36387E,36.599,72
#805434,橙/棕,104,1,16,棕色,#974714,23.789,93
#FFCF78,黄,104,1,3,黄色,#F8C811,6.794,7
#1A3616,绿,102,1,12,深绿,#207955,38.441,69
#654131,橙/棕,102,1,17,酒红,#782F3C,26.379,66
#6A678F,蓝,101,1,18,深蓝,#36387E,29.164,31
#C68467,橙/棕,101,1,5,肤色,#F4BD9E,21.385,66
#F6D86C,黄,101,1,3,黄色,#F8C811,-1.185,54
#F891BA,红/粉,101,1,14,浅粉,#EEB2BC,25.327,50
#6A4E3B,橙/棕,100,1,17,酒红,#782F3C,32.147,75
#824C32,橙/棕,99,1,16,棕色,#974714,21.773,49
#94C7AA,绿,99,1,6,米黄,#EBDEA6,47.429,30
#8561D9,蓝,98,1,7,蓝色,#4A4DCF,18.591,76
#6953AE,蓝,97,1,18,深蓝,#36387E,21.448,2
#744E47,红,97,1,17,酒红,#782F3C,23.122,89
#FFD6A8,橙/棕,97,1,5,肤色,#F4BD9E,13.404,10
#4E2A10,橙/棕,96,1,16,棕色,#974714,31.942,41
#5BA34D,绿,96,1,11,绿色,#37A92D,21.772,53
#FFBD75,橙/棕,96,1,4,橙色,#FE8B10,20.874,68
#1C60BA,天蓝,94,1,7,蓝色,#4A4DCF,33.678,58
#975736,橙/棕,94,1,16,棕色,#974714,15.97,85
#9ACCEB,天蓝,94,1,13,天蓝,#20A8DC,24.009,88
#3D2324,红,93,1,17,酒红,#782F3C,26.222,84
#9FDDF4,天蓝,93,1,13,天蓝,#20A8DC,27.556,13
#FFEF97,黄,93,1,3,黄色,#F8C811,12.992,66
#2B283E,蓝,92,1,18,深蓝,#36387E,33.195,84
#4FC39C,青,92,1,12,深绿,#207955,28.26,45
#A20036,红/粉,92,1,17,酒红,#782F3C,29.294,9
#112C66,天蓝,91,1,18,深蓝,#36387E,32.088,42
#4FAAF4,天蓝,91,1,13,天蓝,#20A8DC,17.296,5
#C17A58,橙/棕,91,1,16,棕色,#974714,24.106,60
#743821,橙/棕,90,1,16,棕色,#974714,21.494,84
#8080FF,蓝,90,1,7,蓝色,#4A4DCF,20.67,61
#FF615B,红,90,1,10,红色,#EA281A,25.933,83
#0E9E49,绿,88,1,11,绿色,#37A92D,22.966,87
#3B3B3B,黑/深灰,88,1,19,深灰,#373737,-6.199,55
#FCEED1,米黄,88,1,20,米白,#F2EDE4,10.818,5
#FF96C5,粉,88,2,1,粉红,#ED5090,26.974,"16,23"
#1D4B6A,天蓝,86,1,13,天蓝,#20A8DC,40.081,19
#AA2337,红,86,1,17,酒红,#782F3C,27.228,20
#FBCC40,黄,86,1,3,黄色,#F8C811,-17.004,8
#900F15,红,85,1,16,棕色,#974714,28.632,41
#91BA38,黄绿,85,1,9,黄绿,#9FCE21,16.165,80
#B5A9A2,橙/棕,85,1,14,浅粉,#EEB2BC,21.834,89
#78C5FF,天蓝,84,1,13,天蓝,#20A8DC,16.509,81
#850000,红,84,1,16,棕色,#974714,27.524,78
#FFCB9F,橙/棕,84,1,5,肤色,#F4BD9E,8.865,3
#E2C7B4,橙/棕,83,1,5,肤色,#F4BD9E,14.375,85
#3A76BF,天蓝,82,1,13,天蓝,#20A8DC,30.455,33
#6EB842,绿,82,2,11,绿色,#37A92D,16.383,"63,100"
#7B737A,灰,82,1,19,深灰,#373737,26.795,24
#B34E0C,橙/棕,82,1,16,棕色,#974714,13.368,9
#BDD56D,黄绿,82,1,9,黄绿,#9FCE21,27.908,63
#D74126,红,82,2,10,红色,#EA281A,15.867,"93,98"
#3B57BB,蓝,81,1,7,蓝色,#4A4DCF,21.609,47
#67ACFF,天蓝,81,1,13,天蓝,#20A8DC,25.583,65
#B62869,粉,81,1,1,粉红,#ED5090,17.263,43
#E09B45,橙/棕,81,1,4,橙色,#FE8B10,11.499,87
#259DF8,天蓝,80,1,13,天蓝,#20A8DC,26.342,81
#4D8DD9,天蓝,80,1,13,天蓝,#20A8DC,25.523,15
#69A74D,绿,80,1,11,绿色,#37A92D,24.165,78
#C4B9B3,橙/棕,80,1,20,米白,#F2EDE4,18.234,97
#D76D63,红,80,1,16,棕色,#974714,31.326,72
#EADCDC,米白/白,80,1,20,米白,#F2EDE4,-2.412,76
#FF6460,红,80,2,10,红色,#EA281A,28.388,"5,9"
#33570E,绿,79,1,12,深绿,#207955,39.418,80
#573016,橙/棕,79,1,16,棕色,#974714,29.354,59
#5F1C1F,红,79,1,17,酒红,#782F3C,12.851,84
#77472B,橙/棕,79,1,16,棕色,#974714,22.86,42
#DD8533,橙/棕,79,1,4,橙色,#FE8B10,4.638,70
#E1C0A4,橙/棕,79,1,5,肤色,#F4BD9E,10.515,86
#347318,绿,78,1,11,绿色,#37A92D,30.002,63
#F4F9A8,黄绿,78,1,3,黄色,#F8C811,23.513,50
#F6CCCF,红,78,1,14,浅粉,#EEB2BC,11.942,57
#FF9F9D,红,78,1,14,浅粉,#EEB2BC,37.909,30
#FFBB8B,橙/棕,78,1,5,肤色,#F4BD9E,11.705,50
#1F5AA2,天蓝,77,1,13,天蓝,#20A8DC,39.837,39
#BD5CE0,紫,77,1,8,紫色,#7221BC,28.027,47
#E69641,橙/棕,77,1,4,橙色,#FE8B10,6.662,88
#D6BBF4,紫,76,1,15,浅紫,#C4BED9,20.404,11
#523A32,橙/棕,75,1,17,酒红,#782F3C,28.679,77
#93C7FF,天蓝,75,1,13,天蓝,#20A8DC,22.406,47
#C1DBA8,绿,75,1,6,米黄,#EBDEA6,23.341,88
#684944,红,74,1,17,酒红,#782F3C,24.504,87
#BE674A,橙/棕,74,1,16,棕色,#974714,19.286,50
#D0E8F0,天蓝,74,1,20,米白,#F2EDE4,13.607,71
#D3F29D,黄绿,74,1,6,米黄,#EBDEA6,27.988,19
#FEA6ED,粉,74,1,14,浅粉,#EEB2BC,39.193,13
#B5E0A3,绿,73,1,6,米黄,#EBDEA6,31.374,78
#E5B67A,橙/棕,73,1,5,肤色,#F4BD9E,17.584,74
#F24C58,红,73,1,10,红色,#EA281A,28.825,35
#462F1E,橙/棕,72,1,19,深灰,#373737,31.21,85
#67A5EE,天蓝,72,1,13,天蓝,#20A8DC,21.641,25
#D89942,橙/棕,72,1,4,橙色,#FE8B10,13.885,73
#FF8874,红,72,1,16,棕色,#974714,37.251,63
#416627,绿,71,2,12,深绿,#207955,32.533,"38,46"
#9F9FD4,蓝,71,1,15,浅紫,#C4BED9,42.867,11
#F1515F,红,71,1,1,粉红,#ED5090,32.037,42
#FBCC6B,黄,71,1,3,黄色,#F8C811,1.668,87
#70C7FF,天蓝,70,1,13,天蓝,#20A8DC,14.958,82
#8E56AE,紫,70,1,18,深蓝,#36387E,33.763,11
#D1B79D,橙/棕,70,1,5,肤色,#F4BD9E,14.719,64
#FFA49E,红,70,1,14,浅粉,#EEB2BC,37.388,51
#573030,红,69,1,17,酒红,#782F3C,18.299,98
#5E2916,橙/棕,69,1,17,酒红,#782F3C,24.437,7
#D7C2FF,紫,69,1,15,浅紫,#C4BED9,20.401,19
#2A64BD,天蓝,68,3,7,蓝色,#4A4DCF,34.005,"3,10,12"
#8FE1F5,天蓝,68,1,2,青色,#4EEAEA,22.622,76
#A1290D,红,68,1,16,棕色,#974714,19.916,70
#FFDF96,黄,68,1,3,黄色,#F8C811,15.96,36
#5C5C75,蓝,67,1,18,深蓝,#36387E,33.01,68
#A43D34,红,67,1,16,棕色,#974714,22.622,79
#A8D7FF,天蓝,67,1,13,天蓝,#20A8DC,26.949,16
#871400,红,66,1,16,棕色,#974714,21.941,74
#BBCEDE,天蓝,66,1,20,米白,#F2EDE4,19.554,84
#F95959,红,66,1,10,红色,#EA281A,26.529,78
#533A2A,橙/棕,65,1,17,酒红,#782F3C,31.521,88
#FF9903,黄,65,1,3,黄色,#F8C811,3.758,9
#621622,红,64,1,17,酒红,#782F3C,10.459,39
#FFA468,橙/棕,64,1,4,橙色,#FE8B10,15.612,26
#592B11,橙/棕,63,1,16,棕色,#974714,27.065,54
#65ABD6,天蓝,63,1,13,天蓝,#20A8DC,11.206,88
#EE6C2C,橙/棕,63,1,4,橙色,#FE8B10,6.372,82
#FFE6B0,黄,63,1,3,黄色,#F8C811,26.661,51
#955388,粉,62,1,1,粉红,#ED5090,40.731,20
#E9BF70,黄,62,2,3,黄色,#F8C811,10.59,"15,45"
#FDFBFD,米白/白,62,1,20,米白,#F2EDE4,-2.448,16
#FE516B,红,62,1,1,粉红,#ED5090,27.945,62
#FFC753,黄,62,1,3,黄色,#F8C811,-7.447,82
#7470B5,蓝,61,1,18,深蓝,#36387E,24.622,45
#86222B,红,61,1,17,酒红,#782F3C,15.982,57
#99DB66,绿,61,1,9,黄绿,#9FCE21,25.221,82
#B57D56,橙/棕,60,1,5,肤色,#F4BD9E,25.067,61
#DE313B,红,60,1,10,红色,#EA281A,20.747,82
#FF8771,红,60,3,16,棕色,#974714,36.573,"27,37,53"
#D7C4FC,紫,58,1,15,浅紫,#C4BED9,17.733,48
#498FDB,天蓝,57,1,13,天蓝,#20A8DC,24.262,67
#10555A,青,56,1,12,深绿,#207955,34.922,45
#882634,红,56,1,17,酒红,#782F3C,12.181,35
#E48A67,橙/棕,56,1,5,肤色,#F4BD9E,24.153,36
#384B8C,蓝,55,1,18,深蓝,#36387E,12.038,67
#61473A,橙/棕,55,1,17,酒红,#782F3C,29.967,86
#D6C4C4,红,55,1,20,米白,#F2EDE4,4.9,88
#84C156,绿,54,1,11,绿色,#37A92D,24.438,55
#94CB77,绿,54,1,11,绿色,#37A92D,33.689,12
#A85E3E,橙/棕,54,1,16,棕色,#974714,15.84,90
#AF3B25,红,54,1,16,棕色,#974714,18.943,86
#B77B34,橙/棕,54,1,4,橙色,#FE8B10,19.686,86
#B982FF,紫,54,1,7,蓝色,#4A4DCF,33.565,88
#C1ABA4,红,54,1,5,肤色,#F4BD9E,22.352,80
#D19EFF,紫,54,1,7,蓝色,#4A4DCF,48.331,94
#EFEFEF,米白/白,54,1,20,米白,#F2EDE4,-5.021,67
#FF954C,橙/棕,54,1,4,橙色,#FE8B10,4.186,39
#FFEAF2,红/粉,54,1,20,米白,#F2EDE4,0.415,43
#0058C6,天蓝,53,1,7,蓝色,#4A4DCF,21.863,65
#DC5941,红,53,1,10,红色,#EA281A,27.161,90
#FA986C,橙/棕,53,1,4,橙色,#FE8B10,21.064,47
#FF9FC1,红/粉,53,1,14,浅粉,#EEB2BC,19.841,19
#7AC3E9,天蓝,52,1,13,天蓝,#20A8DC,15.985,59
#A7555C,红,52,1,17,酒红,#782F3C,17.388,28
#AAD5EC,天蓝,52,1,13,天蓝,#20A8DC,29.076,48
#B43C44,红,52,1,17,酒红,#782F3C,26.153,92
#BC86D4,紫,52,2,18,深蓝,#36387E,47.708,"18,55"
#C564F2,紫,52,1,8,紫色,#7221BC,28.286,82
#FBBA5E,黄,52,1,3,黄色,#F8C811,3.853,81
#DB7837,橙/棕,51,1,4,橙色,#FE8B10,9.119,42
#FFF6C8,黄,51,1,6,米黄,#EBDEA6,10.41,42
#964411,橙/棕,50,1,16,棕色,#974714,1.503,3
#B9ABB8,灰,50,1,15,浅紫,#C4BED9,10.375,31
#DC8C34,橙/棕,50,1,4,橙色,#FE8B10,5.516,91
#EAAF96,橙/棕,50,1,5,肤色,#F4BD9E,6.278,66
#FFD8AE,橙/棕,50,1,5,肤色,#F4BD9E,13.161,75
#EF7C77,红,49,2,1,粉红,#ED5090,38.4,"61,74"
#FF953E,橙/棕,49,1,4,橙色,#FE8B10,-2.133,90
#440823,粉,48,1,17,酒红,#782F3C,40.881,1
#6A9CFF,天蓝,48,1,13,天蓝,#20A8DC,38.161,2
#77F7FF,青,48,1,2,青色,#4EEAEA,9.468,2
#88FF95,绿,48,1,11,绿色,#37A92D,34.178,2
#9C4629,橙/棕,48,1,16,棕色,#974714,11.354,50
#C4BDB9,灰,48,1,15,浅紫,#C4BED9,16.606,28
#CC9BF8,紫,48,1,7,蓝色,#4A4DCF,48.291,2
#FE6158,红,48,1,10,红色,#EA281A,24.774,2
#FFAF69,橙/棕,48,1,4,橙色,#FE8B10,15.461,2
#FFBC65,橙/棕,48,1,4,橙色,#FE8B10,16.506,60
#FFE27D,黄,48,1,3,黄色,#F8C811,3.128,2
#FF4C48,红,47,1,10,红色,#EA281A,16.813,96
#231409,黑/深灰,46,1,19,深灰,#373737,32.334,73
#88B5E1,天蓝,46,1,13,天蓝,#20A8DC,19.526,40
#AEAEAE,灰,46,1,15,浅紫,#C4BED9,16.292,35
#FFEBCC,米黄,46,1,20,米白,#F2EDE4,12.703,56
#69A10C,黄绿,45,1,9,黄绿,#9FCE21,21.268,81
#2B8DE1,天蓝,44,1,13,天蓝,#20A8DC,26.275,16
#721A1F,红,44,1,17,酒红,#782F3C,15.392,28
#858585,灰,44,1,15,浅紫,#C4BED9,26.999,12
#88E5C5,青,44,1,2,青色,#4EEAEA,23.193,23
#9FD2E3,天蓝,44,1,13,天蓝,#20A8DC,28.377,49
#C169FF,紫,44,1,8,紫色,#7221BC,26.939,33
#D33E55,红,44,1,1,粉红,#ED5090,27.728,33
#D38C38,橙/棕,44,1,4,橙色,#FE8B10,10.586,59
#269EE4,天蓝,43,1,13,天蓝,#20A8DC,13.339,55
#6092FF,天蓝,43,1,7,蓝色,#4A4DCF,35.618,43
#ADBBFF,蓝,43,1,13,天蓝,#20A8DC,35.696,15
#E14724,红,43,1,10,红色,#EA281A,13.888,70
#0EC2D3,青,42,1,2,青色,#4EEAEA,17.682,69
#F469A7,粉,42,1,1,粉红,#ED5090,9.872,23
#F5CC50,黄,42,1,3,黄色,#F8C811,-10.235,16
#78503F,橙/棕,40,1,17,酒红,#782F3C,27.012,17
#B4754B,橙/棕,40,1,16,棕色,#974714,21.019,74
#8FD0FF,天蓝,39,1,13,天蓝,#20A8DC,20.739,73
#FFCC63,黄,39,1,3,黄色,#F8C811,-2.281,77
#FFE700,黄,39,1,3,黄色,#F8C811,-9.487,42
#6EC9F7,天蓝,38,1,13,天蓝,#20A8DC,14.355,23
#D58B56,橙/棕,38,1,4,橙色,#FE8B10,21.624,90
#FF9BAB,红,38,1,14,浅粉,#EEB2BC,34.931,78
#FFD932,黄,38,1,3,黄色,#F8C811,-20.211,66
#A5D584,绿,37,1,11,绿色,#37A92D,39.187,53
#B73022,红,37,1,10,红色,#EA281A,25.034,85
#C5C5C5,灰,37,1,15,浅紫,#C4BED9,14.713,51
#D2C1AD,橙/棕,37,1,20,米白,#F2EDE4,16.829,27
#81C34F,绿,36,1,11,绿色,#37A92D,22.004,18
#B93E29,红,36,1,16,棕色,#974714,21.542,74
#E0BC9B,橙/棕,36,1,5,肤色,#F4BD9E,9.327,74
#F2B356,黄,36,1,3,黄色,#F8C811,3.519,28
#FFA9AD,红,36,1,14,浅粉,#EEB2BC,30.971,89
#FFDF89,黄,36,1,3,黄色,#F8C811,9.52,32
#452F2D,红,35,1,17,酒红,#782F3C,27.872,50
#6BC2F3,天蓝,35,1,13,天蓝,#20A8DC,12.6,3
#8D490A,橙/棕,35,1,16,棕色,#974714,7.05,66
#FF868E,红,35,3,1,粉红,#ED5090,32.458,"28,35,49"
#2C57A0,天蓝,34,1,18,深蓝,#36387E,36.769,57
#484141,红,34,1,19,深灰,#373737,16.052,32
#151B31,蓝,33,1,18,深蓝,#36387E,35.871,31
#FF93FA,粉,33,1,1,粉红,#ED5090,44.431,47
#408B38,绿,32,1,11,绿色,#37A92D,23.089,12
#7D5F4C,橙/棕,32,1,17,酒红,#782F3C,33.983,31
#9E1C36,红,32,1,17,酒红,#782F3C,23.078,71
#BD3734,红,32,1,16,棕色,#974714,29.068,96
#CB977E,橙/棕,32,1,5,肤色,#F4BD9E,14.633,71
#030401,黑/深灰,31,1,19,深灰,#373737,36.125,35
#3A0002,红,30,1,17,酒红,#782F3C,24.592,78
#4FF08E,绿,30,1,11,绿色,#37A92D,35.006,17
#89CEFF,天蓝,30,1,13,天蓝,#20A8DC,19.416,17
#D71621,红,30,1,10,红色,#EA281A,11.551,17
#E95810,橙/棕,30,1,4,橙色,#FE8B10,9.077,17
#F98800,橙/棕,30,1,4,橙色,#FE8B10,-13.856,65
#899FC8,天蓝,29,1,13,天蓝,#20A8DC,26.232,22
#F5AB05,黄,29,1,3,黄色,#F8C811,-10.821,77
#FF767D,红,29,3,1,粉红,#ED5090,31.649,"3,6,12"
#8ABD63,绿,28,1,11,绿色,#37A92D,31.048,33
#A459F6,紫,28,1,8,紫色,#7221BC,19.739,13
#E1CB7E,黄,28,1,3,黄色,#F8C811,13.471,92
#FFB46B,橙/棕,28,1,4,橙色,#FE8B10,16.432,57
#712086,紫,27,1,8,紫色,#7221BC,31.176,31
#B36BFF,紫,27,1,8,紫色,#7221BC,25.683,17
#F27768,红,27,1,16,棕色,#974714,34.674,29
#FFA590,红,27,1,5,肤色,#F4BD9E,35.861,70
#FFBF3A,黄,27,1,3,黄色,#F8C811,-12.886,17
#28160B,黑/深灰,26,1,19,深灰,#373737,32.442,59
#C7722D,橙/棕,26,1,4,橙色,#FE8B10,11.991,81
#D48334,橙/棕,26,1,4,橙色,#FE8B10,8.237,100
#ED6770,红,26,1,1,粉红,#ED5090,29.859,71
#FFDA70,黄,26,1,3,黄色,#F8C811,-0.83,13
#3C96B5,天蓝,25,1,13,天蓝,#20A8DC,13.776,49
#D64242,红,25,1,10,红色,#EA281A,26.404,51
#F8C83F,黄,25,1,3,黄色,#F8C811,-15.995,11
#2F2F2F,黑/深灰,24,1,19,深灰,#373737,-4.333,91
#47384D,紫,24,1,18,深蓝,#36387E,39.403,53
#C33014,红,24,1,10,红色,#EA281A,17.415,83
#FEDD72,黄,24,1,3,黄色,#F8C811,-0.559,5
#31A100,绿,23,1,11,绿色,#37A92D,10.981,56
#85CFE3,天蓝,23,1,13,天蓝,#20A8DC,24.548,27
#A8D559,黄绿,23,1,9,黄绿,#9FCE21,18.106,56
#FFDF6D,黄,23,1,3,黄色,#F8C811,-3.219,96
#B49065,橙/棕,22,1,5,肤色,#F4BD9E,22.744,44
#D46E00,橙/棕,22,1,4,橙色,#FE8B10,-1.43,39
#A22621,红,21,1,16,棕色,#974714,25.352,54
#F17E20,橙/棕,21,1,4,橙色,#FE8B10,-6.025,8
#FE7295,红,21,1,1,粉红,#ED5090,16.812,8
#5F81B9,天蓝,20,1,13,天蓝,#20A8DC,26.758,26
#BFB3B3,灰,20,1,15,浅紫,#C4BED9,15.194,49
#FFB1AB,红,20,1,14,浅粉,#EEB2BC,32.584,11
#74B4FF,天蓝,19,2,13,天蓝,#20A8DC,22.701,"93,95"
#DE8478,红,19,1,16,棕色,#974714,36.08,62
#FF6345,红,19,1,10,红色,#EA281A,19.832,50
#FFCB6B,黄,19,1,3,黄色,#F8C811,1.982,20
#B58F5B,橙/棕,18,1,5,肤色,#F4BD9E,25.068,22
#E6B149,黄,18,1,3,黄色,#F8C811,-1.39,96
#133113,绿,17,1,12,深绿,#207955,38.694,1
#689536,绿,17,1,11,绿色,#37A92D,30.009,40
#CCB2FF,紫,17,1,15,浅紫,#C4BED9,51.093,23
#CB604A,红,14,1,16,棕色,#974714,22.617,36
#DB4842,红,14,1,10,红色,#EA281A,24.428,54
#FF9099,红,14,1,1,粉红,#ED5090,34.245,68
#178DED,天蓝,12,1,13,天蓝,#20A8DC,32.219,1
#6C6865,灰,12,1,19,深灰,#373737,21.345,72
#F0237F,粉,12,1,1,粉红,#ED5090,13.949,1
#FFC872,黄,12,1,3,黄色,#F8C811,6.807,43
#30DD30,绿,11,1,11,绿色,#37A92D,29.259,1
#D8A98D,橙/棕,11,1,5,肤色,#F4BD9E,8.716,52
#D98740,橙/棕,11,1,4,橙色,#FE8B10,10.917,37
#93FFBD,绿,10,1,11,绿色,#37A92D,49.234,47
#EB7859,红,10,1,16,棕色,#974714,28.614,95
#7F40D9,紫,9,1,8,紫色,#7221BC,10.867,37
#B67B4B,橙/棕,9,1,16,棕色,#974714,23.203,67
#CE7064,红,9,1,16,棕色,#974714,30.408,79
#EDB283,橙/棕,9,1,5,肤色,#F4BD9E,10.733,67
#61B744,绿,8,1,11,绿色,#37A92D,11.973,17
#F6B2A9,红,8,1,14,浅粉,#EEB2BC,14.022,79
#FB8F1B,橙/棕,8,1,4,橙色,#FE8B10,-12.173,67
#FFA296,红,8,1,5,肤色,#F4BD9E,39.038,40
#FFA6B5,红,8,1,14,浅粉,#EEB2BC,29.805,67
#50A93A,绿,7,1,11,绿色,#37A92D,9.682,41
#9BE9FF,天蓝,7,2,2,青色,#4EEAEA,24.647,"7,10"
#80668A,紫,6,1,18,深蓝,#36387E,39.581,53
#D9404A,红,6,1,10,红色,#EA281A,29.898,37
#D9C440,黄,6,1,3,黄色,#F8C811,-7.62,37
#FDB2B2,红,6,1,14,浅粉,#EEB2BC,10.455,5
#FFF7DB,米黄,6,1,20,米白,#F2EDE4,10.228,11
#FFA99A,红,5,1,5,肤色,#F4BD9E,35.173,31
#40D952,绿,4,1,11,绿色,#37A92D,21.416,37
#83468F,紫,4,1,18,深蓝,#36387E,33.128,1
#082A45,天蓝,3,1,19,深灰,#373737,53.477,1
#2D1133,紫,3,1,18,深蓝,#36387E,38.142,1
#C53828,红,3,1,10,红色,#EA281A,21.794,84
#FFC3C0,红,3,1,14,浅粉,#EEB2BC,11.176,83
#A2C859,黄绿,2,1,9,黄绿,#9FCE21,23.279,7
#D0010B,红,2,1,10,红色,#EA281A,8.942,26
#F6EFEE,米白/白,2,1,20,米白,#F2EDE4,-5.706,1
