"severity","levelId","file","code","message","details"
"severe","351","assets/LevelData/level_351.json","slotTotalCount_mismatch","slotTotalCount does not equal filled cells in correctColorArr","{""slotTotalCount"":0,""filled"":324}"
"severe","352","assets/LevelData/level_352.json","slotTotalCount_mismatch","slotTotalCount does not equal filled cells in correctColorArr","{""slotTotalCount"":0,""filled"":99}"
"severe","353","assets/LevelData/level_353.json","slotTotalCount_mismatch","slotTotalCount does not equal filled cells in correctColorArr","{""slotTotalCount"":0,""filled"":350}"
"severe","354","assets/LevelData/level_354.json","slotTotalCount_mismatch","slotTotalCount does not equal filled cells in correctColorArr","{""slotTotalCount"":0,""filled"":324}"
"severe","355","assets/LevelData/level_355.json","slotTotalCount_mismatch","slotTotalCount does not equal filled cells in correctColorArr","{""slotTotalCount"":0,""filled"":482}"
"severe","356","assets/LevelData/level_356.json","slotTotalCount_mismatch","slotTotalCount does not equal filled cells in correctColorArr","{""slotTotalCount"":0,""filled"":324}"
"severe","357","assets/LevelData/level_357.json","slotTotalCount_mismatch","slotTotalCount does not equal filled cells in correctColorArr","{""slotTotalCount"":0,""filled"":252}"
"severe","358","assets/LevelData/level_358.json","slotTotalCount_mismatch","slotTotalCount does not equal filled cells in correctColorArr","{""slotTotalCount"":0,""filled"":1024}"
"severe","359","assets/LevelData/level_359.json","slotTotalCount_mismatch","slotTotalCount does not equal filled cells in correctColorArr","{""slotTotalCount"":0,""filled"":1024}"
"severe","360","assets/LevelData/level_360.json","slotTotalCount_mismatch","slotTotalCount does not equal filled cells in correctColorArr","{""slotTotalCount"":0,""filled"":536}"
"severe","361","assets/LevelData/level_361.json","slotTotalCount_mismatch","slotTotalCount does not equal filled cells in correctColorArr","{""slotTotalCount"":0,""filled"":324}"
"severe","362","assets/LevelData/level_362.json","slotTotalCount_mismatch","slotTotalCount does not equal filled cells in correctColorArr","{""slotTotalCount"":0,""filled"":626}"
"severe","363","assets/LevelData/level_363.json","slotTotalCount_mismatch","slotTotalCount does not equal filled cells in correctColorArr","{""slotTotalCount"":0,""filled"":324}"
"severe","364","assets/LevelData/level_364.json","slotTotalCount_mismatch","slotTotalCount does not equal filled cells in correctColorArr","{""slotTotalCount"":0,""filled"":400}"
"severe","365","assets/LevelData/level_365.json","slotTotalCount_mismatch","slotTotalCount does not equal filled cells in correctColorArr","{""slotTotalCount"":0,""filled"":576}"
"severe","366","assets/LevelData/level_366.json","slotTotalCount_mismatch","slotTotalCount does not equal filled cells in correctColorArr","{""slotTotalCount"":0,""filled"":216}"
"severe","367","assets/LevelData/level_367.json","slotTotalCount_mismatch","slotTotalCount does not equal filled cells in correctColorArr","{""slotTotalCount"":0,""filled"":474}"
"severe","368","assets/LevelData/level_368.json","slotTotalCount_mismatch","slotTotalCount does not equal filled cells in correctColorArr","{""slotTotalCount"":0,""filled"":834}"
"severe","369","assets/LevelData/level_369.json","slotTotalCount_mismatch","slotTotalCount does not equal filled cells in correctColorArr","{""slotTotalCount"":0,""filled"":722}"
"severe","370","assets/LevelData/level_370.json","slotTotalCount_mismatch","slotTotalCount does not equal filled cells in correctColorArr","{""slotTotalCount"":0,""filled"":335}"
"severe","371","assets/LevelData/level_371.json","slotTotalCount_mismatch","slotTotalCount does not equal filled cells in correctColorArr","{""slotTotalCount"":0,""filled"":576}"
"severe","372","assets/LevelData/level_372.json","slotTotalCount_mismatch","slotTotalCount does not equal filled cells in correctColorArr","{""slotTotalCount"":0,""filled"":900}"
"severe","373","assets/LevelData/level_373.json","slotTotalCount_mismatch","slotTotalCount does not equal filled cells in correctColorArr","{""slotTotalCount"":0,""filled"":1974}"
"severe","374","assets/LevelData/level_374.json","slotTotalCount_mismatch","slotTotalCount does not equal filled cells in correctColorArr","{""slotTotalCount"":0,""filled"":108}"
"severe","375","assets/LevelData/level_375.json","slotTotalCount_mismatch","slotTotalCount does not equal filled cells in correctColorArr","{""slotTotalCount"":0,""filled"":2025}"
"severe","376","assets/LevelData/level_376.json","slotTotalCount_mismatch","slotTotalCount does not equal filled cells in correctColorArr","{""slotTotalCount"":0,""filled"":1050}"
"severe","377","assets/LevelData/level_377.json","slotTotalCount_mismatch","slotTotalCount does not equal filled cells in correctColorArr","{""slotTotalCount"":0,""filled"":350}"
"severe","378","assets/LevelData/level_378.json","slotTotalCount_mismatch","slotTotalCount does not equal filled cells in correctColorArr","{""slotTotalCount"":0,""filled"":900}"
"severe","442","assets/LevelData/level_442.json","slotTotalCount_mismatch","slotTotalCount does not equal filled cells in correctColorArr","{""slotTotalCount"":0,""filled"":529}"
"severe","443","assets/LevelData/level_443.json","slotTotalCount_mismatch","slotTotalCount does not equal filled cells in correctColorArr","{""slotTotalCount"":0,""filled"":1296}"
"severe","444","assets/LevelData/level_444.json","slotTotalCount_mismatch","slotTotalCount does not equal filled cells in correctColorArr","{""slotTotalCount"":0,""filled"":280}"
"severe","445","assets/LevelData/level_445.json","slotTotalCount_mismatch","slotTotalCount does not equal filled cells in correctColorArr","{""slotTotalCount"":0,""filled"":361}"
"severe","446","assets/LevelData/level_446.json","slotTotalCount_mismatch","slotTotalCount does not equal filled cells in correctColorArr","{""slotTotalCount"":0,""filled"":576}"
"severe","447","assets/LevelData/level_447.json","slotTotalCount_mismatch","slotTotalCount does not equal filled cells in correctColorArr","{""slotTotalCount"":0,""filled"":1024}"
"severe","448","assets/LevelData/level_448.json","slotTotalCount_mismatch","slotTotalCount does not equal filled cells in correctColorArr","{""slotTotalCount"":0,""filled"":131}"
"severe","449","assets/LevelData/level_449.json","slotTotalCount_mismatch","slotTotalCount does not equal filled cells in correctColorArr","{""slotTotalCount"":0,""filled"":272}"
"severe","450","assets/LevelData/level_450.json","slotTotalCount_mismatch","slotTotalCount does not equal filled cells in correctColorArr","{""slotTotalCount"":0,""filled"":261}"
"severe","451","assets/LevelData/level_451.json","slotTotalCount_mismatch","slotTotalCount does not equal filled cells in correctColorArr","{""slotTotalCount"":0,""filled"":1122}"
"severe","452","assets/LevelData/level_452.json","slotTotalCount_mismatch","slotTotalCount does not equal filled cells in correctColorArr","{""slotTotalCount"":0,""filled"":924}"
"severe","453","assets/LevelData/level_453.json","slotTotalCount_mismatch","slotTotalCount does not equal filled cells in correctColorArr","{""slotTotalCount"":0,""filled"":340}"
"severe","454","assets/LevelData/level_454.json","slotTotalCount_mismatch","slotTotalCount does not equal filled cells in correctColorArr","{""slotTotalCount"":0,""filled"":208}"
"severe","455","assets/LevelData/level_455.json","slotTotalCount_mismatch","slotTotalCount does not equal filled cells in correctColorArr","{""slotTotalCount"":0,""filled"":606}"
"severe","456","assets/LevelData/level_456.json","slotTotalCount_mismatch","slotTotalCount does not equal filled cells in correctColorArr","{""slotTotalCount"":0,""filled"":900}"
"severe","457","assets/LevelData/level_457.json","slotTotalCount_mismatch","slotTotalCount does not equal filled cells in correctColorArr","{""slotTotalCount"":0,""filled"":166}"
"severe","458","assets/LevelData/level_458.json","slotTotalCount_mismatch","slotTotalCount does not equal filled cells in correctColorArr","{""slotTotalCount"":0,""filled"":202}"
"severe","459","assets/LevelData/level_459.json","slotTotalCount_mismatch","slotTotalCount does not equal filled cells in correctColorArr","{""slotTotalCount"":0,""filled"":253}"
"severe","460","assets/LevelData/level_460.json","slotTotalCount_mismatch","slotTotalCount does not equal filled cells in correctColorArr","{""slotTotalCount"":0,""filled"":270}"
"severe","461","assets/LevelData/level_461.json","slotTotalCount_mismatch","slotTotalCount does not equal filled cells in correctColorArr","{""slotTotalCount"":0,""filled"":550}"
"severe","462","assets/LevelData/level_462.json","slotTotalCount_mismatch","slotTotalCount does not equal filled cells in correctColorArr","{""slotTotalCount"":0,""filled"":576}"
"severe","463","assets/LevelData/level_463.json","slotTotalCount_mismatch","slotTotalCount does not equal filled cells in correctColorArr","{""slotTotalCount"":0,""filled"":1156}"
"severe","464","assets/LevelData/level_464.json","slotTotalCount_mismatch","slotTotalCount does not equal filled cells in correctColorArr","{""slotTotalCount"":0,""filled"":1140}"
"severe","465","assets/LevelData/level_465.json","slotTotalCount_mismatch","slotTotalCount does not equal filled cells in correctColorArr","{""slotTotalCount"":0,""filled"":675}"
"severe","466","assets/LevelData/level_466.json","slotTotalCount_mismatch","slotTotalCount does not equal filled cells in correctColorArr","{""slotTotalCount"":0,""filled"":328}"
"severe","467","assets/LevelData/level_467.json","slotTotalCount_mismatch","slotTotalCount does not equal filled cells in correctColorArr","{""slotTotalCount"":0,""filled"":625}"
"severe","468","assets/LevelData/level_468.json","slotTotalCount_mismatch","slotTotalCount does not equal filled cells in correctColorArr","{""slotTotalCount"":0,""filled"":387}"
"severe","469","assets/LevelData/level_469.json","slotTotalCount_mismatch","slotTotalCount does not equal filled cells in correctColorArr","{""slotTotalCount"":0,""filled"":1600}"
"severe","470","assets/LevelData/level_470.json","slotTotalCount_mismatch","slotTotalCount does not equal filled cells in correctColorArr","{""slotTotalCount"":0,""filled"":182}"
"severe","471","assets/LevelData/level_471.json","slotTotalCount_mismatch","slotTotalCount does not equal filled cells in correctColorArr","{""slotTotalCount"":0,""filled"":910}"
"severe","472","assets/LevelData/level_472.json","slotTotalCount_mismatch","slotTotalCount does not equal filled cells in correctColorArr","{""slotTotalCount"":0,""filled"":1225}"
"severe","473","assets/LevelData/level_473.json","slotTotalCount_mismatch","slotTotalCount does not equal filled cells in correctColorArr","{""slotTotalCount"":0,""filled"":544}"
"severe","474","assets/LevelData/level_474.json","slotTotalCount_mismatch","slotTotalCount does not equal filled cells in correctColorArr","{""slotTotalCount"":0,""filled"":528}"
"severe","475","assets/LevelData/level_475.json","slotTotalCount_mismatch","slotTotalCount does not equal filled cells in correctColorArr","{""slotTotalCount"":0,""filled"":625}"
"severe","476","assets/LevelData/level_476.json","slotTotalCount_mismatch","slotTotalCount does not equal filled cells in correctColorArr","{""slotTotalCount"":0,""filled"":1225}"
"severe","477","assets/LevelData/level_477.json","slotTotalCount_mismatch","slotTotalCount does not equal filled cells in correctColorArr","{""slotTotalCount"":0,""filled"":1600}"
"severe","478","assets/LevelData/level_478.json","slotTotalCount_mismatch","slotTotalCount does not equal filled cells in correctColorArr","{""slotTotalCount"":0,""filled"":297}"
"severe","479","assets/LevelData/level_479.json","slotTotalCount_mismatch","slotTotalCount does not equal filled cells in correctColorArr","{""slotTotalCount"":0,""filled"":625}"
"severe","480","assets/LevelData/level_480.json","slotTotalCount_mismatch","slotTotalCount does not equal filled cells in correctColorArr","{""slotTotalCount"":0,""filled"":280}"
"severe","481","assets/LevelData/level_481.json","slotTotalCount_mismatch","slotTotalCount does not equal filled cells in correctColorArr","{""slotTotalCount"":0,""filled"":307}"
"severe","482","assets/LevelData/level_482.json","slotTotalCount_mismatch","slotTotalCount does not equal filled cells in correctColorArr","{""slotTotalCount"":0,""filled"":625}"
"severe","483","assets/LevelData/level_483.json","slotTotalCount_mismatch","slotTotalCount does not equal filled cells in correctColorArr","{""slotTotalCount"":0,""filled"":1148}"
"severe","484","assets/LevelData/level_484.json","slotTotalCount_mismatch","slotTotalCount does not equal filled cells in correctColorArr","{""slotTotalCount"":0,""filled"":625}"
"severe","485","assets/LevelData/level_485.json","slotTotalCount_mismatch","slotTotalCount does not equal filled cells in correctColorArr","{""slotTotalCount"":0,""filled"":625}"
"severe","486","assets/LevelData/level_486.json","slotTotalCount_mismatch","slotTotalCount does not equal filled cells in correctColorArr","{""slotTotalCount"":0,""filled"":312}"
"severe","487","assets/LevelData/level_487.json","slotTotalCount_mismatch","slotTotalCount does not equal filled cells in correctColorArr","{""slotTotalCount"":0,""filled"":273}"
"severe","488","assets/LevelData/level_488.json","slotTotalCount_mismatch","slotTotalCount does not equal filled cells in correctColorArr","{""slotTotalCount"":0,""filled"":598}"
"severe","489","assets/LevelData/level_489.json","slotTotalCount_mismatch","slotTotalCount does not equal filled cells in correctColorArr","{""slotTotalCount"":0,""filled"":411}"
"severe","490","assets/LevelData/level_490.json","slotTotalCount_mismatch","slotTotalCount does not equal filled cells in correctColorArr","{""slotTotalCount"":0,""filled"":266}"
"severe","491","assets/LevelData/level_491.json","slotTotalCount_mismatch","slotTotalCount does not equal filled cells in correctColorArr","{""slotTotalCount"":0,""filled"":625}"
"severe","492","assets/LevelData/level_492.json","slotTotalCount_mismatch","slotTotalCount does not equal filled cells in correctColorArr","{""slotTotalCount"":0,""filled"":543}"
"severe","493","assets/LevelData/level_493.json","slotTotalCount_mismatch","slotTotalCount does not equal filled cells in correctColorArr","{""slotTotalCount"":0,""filled"":2025}"
"severe","494","assets/LevelData/level_494.json","slotTotalCount_mismatch","slotTotalCount does not equal filled cells in correctColorArr","{""slotTotalCount"":0,""filled"":355}"
"severe","495","assets/LevelData/level_495.json","slotTotalCount_mismatch","slotTotalCount does not equal filled cells in correctColorArr","{""slotTotalCount"":0,""filled"":625}"
"severe","496","assets/LevelData/level_496.json","slotTotalCount_mismatch","slotTotalCount does not equal filled cells in correctColorArr","{""slotTotalCount"":0,""filled"":489}"
"severe","497","assets/LevelData/level_497.json","slotTotalCount_mismatch","slotTotalCount does not equal filled cells in correctColorArr","{""slotTotalCount"":0,""filled"":300}"
"severe","498","assets/LevelData/level_498.json","slotTotalCount_mismatch","slotTotalCount does not equal filled cells in correctColorArr","{""slotTotalCount"":0,""filled"":625}"
"severe","499","assets/LevelData/level_499.json","slotTotalCount_mismatch","slotTotalCount does not equal filled cells in correctColorArr","{""slotTotalCount"":0,""filled"":367}"
"severe","500","assets/LevelData/level_500.json","slotTotalCount_mismatch","slotTotalCount does not equal filled cells in correctColorArr","{""slotTotalCount"":0,""filled"":321}"
"severe","501","assets/LevelData/level_501.json","slotTotalCount_mismatch","slotTotalCount does not equal filled cells in correctColorArr","{""slotTotalCount"":0,""filled"":347}"
"severe","502","assets/LevelData/level_502.json","slotTotalCount_mismatch","slotTotalCount does not equal filled cells in correctColorArr","{""slotTotalCount"":0,""filled"":576}"
"severe","503","assets/LevelData/level_503.json","slotTotalCount_mismatch","slotTotalCount does not equal filled cells in correctColorArr","{""slotTotalCount"":0,""filled"":529}"
"severe","504","assets/LevelData/level_504.json","slotTotalCount_mismatch","slotTotalCount does not equal filled cells in correctColorArr","{""slotTotalCount"":0,""filled"":239}"
"severe","505","assets/LevelData/level_505.json","slotTotalCount_mismatch","slotTotalCount does not equal filled cells in correctColorArr","{""slotTotalCount"":0,""filled"":676}"
"severe","506","assets/LevelData/level_506.json","slotTotalCount_mismatch","slotTotalCount does not equal filled cells in correctColorArr","{""slotTotalCount"":0,""filled"":1081}"
"severe","507","assets/LevelData/level_507.json","slotTotalCount_mismatch","slotTotalCount does not equal filled cells in correctColorArr","{""slotTotalCount"":0,""filled"":1600}"
"severe","508","assets/LevelData/level_508.json","slotTotalCount_mismatch","slotTotalCount does not equal filled cells in correctColorArr","{""slotTotalCount"":0,""filled"":1225}"
"severe","509","assets/LevelData/level_509.json","slotTotalCount_mismatch","slotTotalCount does not equal filled cells in correctColorArr","{""slotTotalCount"":0,""filled"":986}"
"severe","510","assets/LevelData/level_510.json","slotTotalCount_mismatch","slotTotalCount does not equal filled cells in correctColorArr","{""slotTotalCount"":0,""filled"":1036}"
"severe","511","assets/LevelData/level_511.json","slotTotalCount_mismatch","slotTotalCount does not equal filled cells in correctColorArr","{""slotTotalCount"":0,""filled"":899}"
"severe","512","assets/LevelData/level_512.json","slotTotalCount_mismatch","slotTotalCount does not equal filled cells in correctColorArr","{""slotTotalCount"":0,""filled"":900}"
"severe","513","assets/LevelData/level_513.json","slotTotalCount_mismatch","slotTotalCount does not equal filled cells in correctColorArr","{""slotTotalCount"":0,""filled"":154}"
"severe","514","assets/LevelData/level_514.json","slotTotalCount_mismatch","slotTotalCount does not equal filled cells in correctColorArr","{""slotTotalCount"":0,""filled"":900}"
"severe","515","assets/LevelData/level_515.json","slotTotalCount_mismatch","slotTotalCount does not equal filled cells in correctColorArr","{""slotTotalCount"":0,""filled"":430}"
"severe","516","assets/LevelData/level_516.json","slotTotalCount_mismatch","slotTotalCount does not equal filled cells in correctColorArr","{""slotTotalCount"":0,""filled"":400}"
"severe","517","assets/LevelData/level_517.json","slotTotalCount_mismatch","slotTotalCount does not equal filled cells in correctColorArr","{""slotTotalCount"":0,""filled"":900}"
"severe","518","assets/LevelData/level_518.json","slotTotalCount_mismatch","slotTotalCount does not equal filled cells in correctColorArr","{""slotTotalCount"":0,""filled"":358}"
"severe","519","assets/LevelData/level_519.json","slotTotalCount_mismatch","slotTotalCount does not equal filled cells in correctColorArr","{""slotTotalCount"":0,""filled"":900}"
"severe","520","assets/LevelData/level_520.json","slotTotalCount_mismatch","slotTotalCount does not equal filled cells in correctColorArr","{""slotTotalCount"":0,""filled"":900}"
"severe","521","assets/LevelData/level_521.json","slotTotalCount_mismatch","slotTotalCount does not equal filled cells in correctColorArr","{""slotTotalCount"":0,""filled"":263}"
"severe","522","assets/LevelData/level_522.json","slotTotalCount_mismatch","slotTotalCount does not equal filled cells in correctColorArr","{""slotTotalCount"":0,""filled"":368}"
"severe","523","assets/LevelData/level_523.json","slotTotalCount_mismatch","slotTotalCount does not equal filled cells in correctColorArr","{""slotTotalCount"":0,""filled"":483}"
"severe","524","assets/LevelData/level_524.json","slotTotalCount_mismatch","slotTotalCount does not equal filled cells in correctColorArr","{""slotTotalCount"":0,""filled"":1020}"
"severe","525","assets/LevelData/level_525.json","slotTotalCount_mismatch","slotTotalCount does not equal filled cells in correctColorArr","{""slotTotalCount"":0,""filled"":701}"
"severe","526","assets/LevelData/level_526.json","slotTotalCount_mismatch","slotTotalCount does not equal filled cells in correctColorArr","{""slotTotalCount"":0,""filled"":550}"
"severe","527","assets/LevelData/level_527.json","slotTotalCount_mismatch","slotTotalCount does not equal filled cells in correctColorArr","{""slotTotalCount"":0,""filled"":1548}"
"severe","528","assets/LevelData/level_528.json","slotTotalCount_mismatch","slotTotalCount does not equal filled cells in correctColorArr","{""slotTotalCount"":0,""filled"":1596}"
"severe","529","assets/LevelData/level_529.json","slotTotalCount_mismatch","slotTotalCount does not equal filled cells in correctColorArr","{""slotTotalCount"":0,""filled"":484}"
"severe","530","assets/LevelData/level_530.json","slotTotalCount_mismatch","slotTotalCount does not equal filled cells in correctColorArr","{""slotTotalCount"":0,""filled"":576}"
"severe","531","assets/LevelData/level_531.json","slotTotalCount_mismatch","slotTotalCount does not equal filled cells in correctColorArr","{""slotTotalCount"":0,""filled"":850}"
"severe","532","assets/LevelData/level_532.json","slotTotalCount_mismatch","slotTotalCount does not equal filled cells in correctColorArr","{""slotTotalCount"":0,""filled"":841}"
"severe","533","assets/LevelData/level_533.json","slotTotalCount_mismatch","slotTotalCount does not equal filled cells in correctColorArr","{""slotTotalCount"":0,""filled"":719}"
"severe","534","assets/LevelData/level_534.json","slotTotalCount_mismatch","slotTotalCount does not equal filled cells in correctColorArr","{""slotTotalCount"":0,""filled"":563}"
"severe","535","assets/LevelData/level_535.json","slotTotalCount_mismatch","slotTotalCount does not equal filled cells in correctColorArr","{""slotTotalCount"":0,""filled"":841}"
"severe","536","assets/LevelData/level_536.json","slotTotalCount_mismatch","slotTotalCount does not equal filled cells in correctColorArr","{""slotTotalCount"":0,""filled"":896}"
"severe","537","assets/LevelData/level_537.json","slotTotalCount_mismatch","slotTotalCount does not equal filled cells in correctColorArr","{""slotTotalCount"":0,""filled"":909}"
"severe","538","assets/LevelData/level_538.json","slotTotalCount_mismatch","slotTotalCount does not equal filled cells in correctColorArr","{""slotTotalCount"":0,""filled"":1024}"
"severe","539","assets/LevelData/level_539.json","slotTotalCount_mismatch","slotTotalCount does not equal filled cells in correctColorArr","{""slotTotalCount"":0,""filled"":754}"
"severe","540","assets/LevelData/level_540.json","slotTotalCount_mismatch","slotTotalCount does not equal filled cells in correctColorArr","{""slotTotalCount"":0,""filled"":1800}"
"severe","541","assets/LevelData/level_541.json","slotTotalCount_mismatch","slotTotalCount does not equal filled cells in correctColorArr","{""slotTotalCount"":0,""filled"":548}"
"severe","542","assets/LevelData/level_542.json","slotTotalCount_mismatch","slotTotalCount does not equal filled cells in correctColorArr","{""slotTotalCount"":0,""filled"":665}"
"severe","543","assets/LevelData/level_543.json","slotTotalCount_mismatch","slotTotalCount does not equal filled cells in correctColorArr","{""slotTotalCount"":0,""filled"":1804}"
"severe","544","assets/LevelData/level_544.json","slotTotalCount_mismatch","slotTotalCount does not equal filled cells in correctColorArr","{""slotTotalCount"":0,""filled"":784}"
"severe","545","assets/LevelData/level_545.json","slotTotalCount_mismatch","slotTotalCount does not equal filled cells in correctColorArr","{""slotTotalCount"":0,""filled"":726}"
"severe","546","assets/LevelData/level_546.json","slotTotalCount_mismatch","slotTotalCount does not equal filled cells in correctColorArr","{""slotTotalCount"":0,""filled"":357}"
"severe","547","assets/LevelData/level_547.json","slotTotalCount_mismatch","slotTotalCount does not equal filled cells in correctColorArr","{""slotTotalCount"":0,""filled"":810}"
"severe","548","assets/LevelData/level_548.json","slotTotalCount_mismatch","slotTotalCount does not equal filled cells in correctColorArr","{""slotTotalCount"":0,""filled"":676}"
"severe","549","assets/LevelData/level_549.json","slotTotalCount_mismatch","slotTotalCount does not equal filled cells in correctColorArr","{""slotTotalCount"":0,""filled"":590}"
"severe","550","assets/LevelData/level_550.json","slotTotalCount_mismatch","slotTotalCount does not equal filled cells in correctColorArr","{""slotTotalCount"":0,""filled"":1296}"
"severe","551","assets/LevelData/level_551.json","slotTotalCount_mismatch","slotTotalCount does not equal filled cells in correctColorArr","{""slotTotalCount"":0,""filled"":900}"
"severe","552","assets/LevelData/level_552.json","slotTotalCount_mismatch","slotTotalCount does not equal filled cells in correctColorArr","{""slotTotalCount"":0,""filled"":900}"
"severe","553","assets/LevelData/level_553.json","slotTotalCount_mismatch","slotTotalCount does not equal filled cells in correctColorArr","{""slotTotalCount"":0,""filled"":550}"
"severe","554","assets/LevelData/level_554.json","slotTotalCount_mismatch","slotTotalCount does not equal filled cells in correctColorArr","{""slotTotalCount"":0,""filled"":900}"
"severe","555","assets/LevelData/level_555.json","slotTotalCount_mismatch","slotTotalCount does not equal filled cells in correctColorArr","{""slotTotalCount"":0,""filled"":462}"
"severe","556","assets/LevelData/level_556.json","slotTotalCount_mismatch","slotTotalCount does not equal filled cells in correctColorArr","{""slotTotalCount"":0,""filled"":396}"
"severe","557","assets/LevelData/level_557.json","slotTotalCount_mismatch","slotTotalCount does not equal filled cells in correctColorArr","{""slotTotalCount"":0,""filled"":900}"
"severe","558","assets/LevelData/level_558.json","slotTotalCount_mismatch","slotTotalCount does not equal filled cells in correctColorArr","{""slotTotalCount"":0,""filled"":357}"
"severe","559","assets/LevelData/level_559.json","slotTotalCount_mismatch","slotTotalCount does not equal filled cells in correctColorArr","{""slotTotalCount"":0,""filled"":900}"
"severe","560","assets/LevelData/level_560.json","slotTotalCount_mismatch","slotTotalCount does not equal filled cells in correctColorArr","{""slotTotalCount"":0,""filled"":1050}"
"severe","561","assets/LevelData/level_561.json","slotTotalCount_mismatch","slotTotalCount does not equal filled cells in correctColorArr","{""slotTotalCount"":0,""filled"":900}"
"severe","562","assets/LevelData/level_562.json","slotTotalCount_mismatch","slotTotalCount does not equal filled cells in correctColorArr","{""slotTotalCount"":0,""filled"":600}"
"severe","563","assets/LevelData/level_563.json","slotTotalCount_mismatch","slotTotalCount does not equal filled cells in correctColorArr","{""slotTotalCount"":0,""filled"":399}"
"severe","564","assets/LevelData/level_564.json","slotTotalCount_mismatch","slotTotalCount does not equal filled cells in correctColorArr","{""slotTotalCount"":0,""filled"":420}"
"severe","565","assets/LevelData/level_565.json","slotTotalCount_mismatch","slotTotalCount does not equal filled cells in correctColorArr","{""slotTotalCount"":0,""filled"":841}"
"severe","566","assets/LevelData/level_566.json","slotTotalCount_mismatch","slotTotalCount does not equal filled cells in correctColorArr","{""slotTotalCount"":0,""filled"":676}"
"severe","567","assets/LevelData/level_567.json","slotTotalCount_mismatch","slotTotalCount does not equal filled cells in correctColorArr","{""slotTotalCount"":0,""filled"":810}"
"severe","568","assets/LevelData/level_568.json","slotTotalCount_mismatch","slotTotalCount does not equal filled cells in correctColorArr","{""slotTotalCount"":0,""filled"":720}"
"severe","569","assets/LevelData/level_569.json","slotTotalCount_mismatch","slotTotalCount does not equal filled cells in correctColorArr","{""slotTotalCount"":0,""filled"":1225}"
"severe","570","assets/LevelData/level_570.json","slotTotalCount_mismatch","slotTotalCount does not equal filled cells in correctColorArr","{""slotTotalCount"":0,""filled"":552}"
"severe","571","assets/LevelData/level_571.json","slotTotalCount_mismatch","slotTotalCount does not equal filled cells in correctColorArr","{""slotTotalCount"":0,""filled"":754}"
"severe","572","assets/LevelData/level_572.json","slotTotalCount_mismatch","slotTotalCount does not equal filled cells in correctColorArr","{""slotTotalCount"":0,""filled"":1480}"
"severe","573","assets/LevelData/level_573.json","slotTotalCount_mismatch","slotTotalCount does not equal filled cells in correctColorArr","{""slotTotalCount"":0,""filled"":800}"
"severe","574","assets/LevelData/level_574.json","slotTotalCount_mismatch","slotTotalCount does not equal filled cells in correctColorArr","{""slotTotalCount"":0,""filled"":535}"
"severe","575","assets/LevelData/level_575.json","slotTotalCount_mismatch","slotTotalCount does not equal filled cells in correctColorArr","{""slotTotalCount"":0,""filled"":812}"
"severe","576","assets/LevelData/level_576.json","slotTotalCount_mismatch","slotTotalCount does not equal filled cells in correctColorArr","{""slotTotalCount"":0,""filled"":1296}"
"severe","577","assets/LevelData/level_577.json","slotTotalCount_mismatch","slotTotalCount does not equal filled cells in correctColorArr","{""slotTotalCount"":0,""filled"":812}"
"severe","578","assets/LevelData/level_578.json","slotTotalCount_mismatch","slotTotalCount does not equal filled cells in correctColorArr","{""slotTotalCount"":0,""filled"":1036}"
"severe","579","assets/LevelData/level_579.json","slotTotalCount_mismatch","slotTotalCount does not equal filled cells in correctColorArr","{""slotTotalCount"":0,""filled"":812}"
"severe","580","assets/LevelData/level_580.json","slotTotalCount_mismatch","slotTotalCount does not equal filled cells in correctColorArr","{""slotTotalCount"":0,""filled"":406}"
"severe","581","assets/LevelData/level_581.json","slotTotalCount_mismatch","slotTotalCount does not equal filled cells in correctColorArr","{""slotTotalCount"":0,""filled"":1406}"
"severe","582","assets/LevelData/level_582.json","slotTotalCount_mismatch","slotTotalCount does not equal filled cells in correctColorArr","{""slotTotalCount"":0,""filled"":714}"
"severe","583","assets/LevelData/level_583.json","slotTotalCount_mismatch","slotTotalCount does not equal filled cells in correctColorArr","{""slotTotalCount"":0,""filled"":1292}"
"severe","584","assets/LevelData/level_584.json","slotTotalCount_mismatch","slotTotalCount does not equal filled cells in correctColorArr","{""slotTotalCount"":0,""filled"":577}"
"severe","585","assets/LevelData/level_585.json","slotTotalCount_mismatch","slotTotalCount does not equal filled cells in correctColorArr","{""slotTotalCount"":0,""filled"":540}"
"severe","586","assets/LevelData/level_586.json","slotTotalCount_mismatch","slotTotalCount does not equal filled cells in correctColorArr","{""slotTotalCount"":0,""filled"":506}"
"severe","587","assets/LevelData/level_587.json","slotTotalCount_mismatch","slotTotalCount does not equal filled cells in correctColorArr","{""slotTotalCount"":0,""filled"":278}"
"severe","588","assets/LevelData/level_588.json","slotTotalCount_mismatch","slotTotalCount does not equal filled cells in correctColorArr","{""slotTotalCount"":0,""filled"":525}"
"severe","589","assets/LevelData/level_589.json","slotTotalCount_mismatch","slotTotalCount does not equal filled cells in correctColorArr","{""slotTotalCount"":0,""filled"":1650}"
"severe","590","assets/LevelData/level_590.json","slotTotalCount_mismatch","slotTotalCount does not equal filled cells in correctColorArr","{""slotTotalCount"":0,""filled"":529}"
"severe","591","assets/LevelData/level_591.json","slotTotalCount_mismatch","slotTotalCount does not equal filled cells in correctColorArr","{""slotTotalCount"":0,""filled"":799}"
"severe","592","assets/LevelData/level_592.json","slotTotalCount_mismatch","slotTotalCount does not equal filled cells in correctColorArr","{""slotTotalCount"":0,""filled"":725}"
"severe","593","assets/LevelData/level_593.json","slotTotalCount_mismatch","slotTotalCount does not equal filled cells in correctColorArr","{""slotTotalCount"":0,""filled"":527}"
"severe","594","assets/LevelData/level_594.json","slotTotalCount_mismatch","slotTotalCount does not equal filled cells in correctColorArr","{""slotTotalCount"":0,""filled"":799}"
"severe","595","assets/LevelData/level_595.json","slotTotalCount_mismatch","slotTotalCount does not equal filled cells in correctColorArr","{""slotTotalCount"":0,""filled"":729}"
"severe","596","assets/LevelData/level_596.json","slotTotalCount_mismatch","slotTotalCount does not equal filled cells in correctColorArr","{""slotTotalCount"":0,""filled"":785}"
"severe","597","assets/LevelData/level_597.json","slotTotalCount_mismatch","slotTotalCount does not equal filled cells in correctColorArr","{""slotTotalCount"":0,""filled"":510}"
"severe","598","assets/LevelData/level_598.json","slotTotalCount_mismatch","slotTotalCount does not equal filled cells in correctColorArr","{""slotTotalCount"":0,""filled"":1262}"
"severe","599","assets/LevelData/level_599.json","slotTotalCount_mismatch","slotTotalCount does not equal filled cells in correctColorArr","{""slotTotalCount"":0,""filled"":304}"
"severe","600","assets/LevelData/level_600.json","slotTotalCount_mismatch","slotTotalCount does not equal filled cells in correctColorArr","{""slotTotalCount"":0,""filled"":615}"
"severe","601","assets/LevelData/level_601.json","slotTotalCount_mismatch","slotTotalCount does not equal filled cells in correctColorArr","{""slotTotalCount"":0,""filled"":491}"
"severe","602","assets/LevelData/level_602.json","slotTotalCount_mismatch","slotTotalCount does not equal filled cells in correctColorArr","{""slotTotalCount"":0,""filled"":1680}"
"severe","603","assets/LevelData/level_603.json","slotTotalCount_mismatch","slotTotalCount does not equal filled cells in correctColorArr","{""slotTotalCount"":0,""filled"":506}"
"severe","604","assets/LevelData/level_604.json","slotTotalCount_mismatch","slotTotalCount does not equal filled cells in correctColorArr","{""slotTotalCount"":0,""filled"":528}"
"severe","605","assets/LevelData/level_605.json","slotTotalCount_mismatch","slotTotalCount does not equal filled cells in correctColorArr","{""slotTotalCount"":0,""filled"":595}"
"severe","606","assets/LevelData/level_606.json","slotTotalCount_mismatch","slotTotalCount does not equal filled cells in correctColorArr","{""slotTotalCount"":0,""filled"":490}"
"severe","607","assets/LevelData/level_607.json","slotTotalCount_mismatch","slotTotalCount does not equal filled cells in correctColorArr","{""slotTotalCount"":0,""filled"":499}"
"severe","608","assets/LevelData/level_608.json","slotTotalCount_mismatch","slotTotalCount does not equal filled cells in correctColorArr","{""slotTotalCount"":0,""filled"":672}"
"severe","609","assets/LevelData/level_609.json","slotTotalCount_mismatch","slotTotalCount does not equal filled cells in correctColorArr","{""slotTotalCount"":0,""filled"":280}"
"severe","610","assets/LevelData/level_610.json","slotTotalCount_mismatch","slotTotalCount does not equal filled cells in correctColorArr","{""slotTotalCount"":0,""filled"":488}"
"severe","611","assets/LevelData/level_611.json","slotTotalCount_mismatch","slotTotalCount does not equal filled cells in correctColorArr","{""slotTotalCount"":0,""filled"":1142}"
"severe","612","assets/LevelData/level_612.json","slotTotalCount_mismatch","slotTotalCount does not equal filled cells in correctColorArr","{""slotTotalCount"":0,""filled"":840}"
"severe","613","assets/LevelData/level_613.json","slotTotalCount_mismatch","slotTotalCount does not equal filled cells in correctColorArr","{""slotTotalCount"":0,""filled"":720}"
"severe","614","assets/LevelData/level_614.json","slotTotalCount_mismatch","slotTotalCount does not equal filled cells in correctColorArr","{""slotTotalCount"":0,""filled"":305}"
"severe","615","assets/LevelData/level_615.json","slotTotalCount_mismatch","slotTotalCount does not equal filled cells in correctColorArr","{""slotTotalCount"":0,""filled"":790}"
"severe","616","assets/LevelData/level_616.json","slotTotalCount_mismatch","slotTotalCount does not equal filled cells in correctColorArr","{""slotTotalCount"":0,""filled"":688}"
"severe","617","assets/LevelData/level_617.json","slotTotalCount_mismatch","slotTotalCount does not equal filled cells in correctColorArr","{""slotTotalCount"":0,""filled"":1088}"
"severe","618","assets/LevelData/level_618.json","slotTotalCount_mismatch","slotTotalCount does not equal filled cells in correctColorArr","{""slotTotalCount"":0,""filled"":529}"
"severe","619","assets/LevelData/level_619.json","slotTotalCount_mismatch","slotTotalCount does not equal filled cells in correctColorArr","{""slotTotalCount"":0,""filled"":308}"
"severe","620","assets/LevelData/level_620.json","slotTotalCount_mismatch","slotTotalCount does not equal filled cells in correctColorArr","{""slotTotalCount"":0,""filled"":516}"
"severe","621","assets/LevelData/level_621.json","slotTotalCount_mismatch","slotTotalCount does not equal filled cells in correctColorArr","{""slotTotalCount"":0,""filled"":606}"
"severe","622","assets/LevelData/level_622.json","slotTotalCount_mismatch","slotTotalCount does not equal filled cells in correctColorArr","{""slotTotalCount"":0,""filled"":478}"
"severe","623","assets/LevelData/level_623.json","slotTotalCount_mismatch","slotTotalCount does not equal filled cells in correctColorArr","{""slotTotalCount"":0,""filled"":720}"
"severe","624","assets/LevelData/level_624.json","slotTotalCount_mismatch","slotTotalCount does not equal filled cells in correctColorArr","{""slotTotalCount"":0,""filled"":720}"
"severe","625","assets/LevelData/level_625.json","slotTotalCount_mismatch","slotTotalCount does not equal filled cells in correctColorArr","{""slotTotalCount"":0,""filled"":702}"
"severe","626","assets/LevelData/level_626.json","slotTotalCount_mismatch","slotTotalCount does not equal filled cells in correctColorArr","{""slotTotalCount"":0,""filled"":729}"
"severe","627","assets/LevelData/level_627.json","slotTotalCount_mismatch","slotTotalCount does not equal filled cells in correctColorArr","{""slotTotalCount"":0,""filled"":1529}"
"severe","628","assets/LevelData/level_628.json","slotTotalCount_mismatch","slotTotalCount does not equal filled cells in correctColorArr","{""slotTotalCount"":0,""filled"":870}"
"severe","629","assets/LevelData/level_629.json","slotTotalCount_mismatch","slotTotalCount does not equal filled cells in correctColorArr","{""slotTotalCount"":0,""filled"":598}"
"severe","630","assets/LevelData/level_630.json","slotTotalCount_mismatch","slotTotalCount does not equal filled cells in correctColorArr","{""slotTotalCount"":0,""filled"":256}"
"severe","631","assets/LevelData/level_631.json","slotTotalCount_mismatch","slotTotalCount does not equal filled cells in correctColorArr","{""slotTotalCount"":0,""filled"":539}"
"severe","900","assets/LevelData/level_900.json","missing_expected_file","Expected formal level file is missing","{}"
