newLevelId,sourceLevelId,largeGroup,largeGroupRange,smallGroup,smallGroupInLarge,smallGroupRange,smallSlot,role,complexityScore,difficultyTier,generatedName,category,filled,colors,scoreRank,smallGroupAvgScore,largeGroupAvgScore,challengeDeltaVsSetupAvg,note
101,326,1,101-150,1,1,101-105,1,setup_1,58.02,普通,中型多色简笔轮廓,图标/简笔轮廓,462,3,1,62.17,69.4,,setup slot: keeps local average controlled
102,246,1,101-150,1,1,101-105,2,setup_2,59.86,普通,中型多色简笔轮廓,图标/简笔轮廓,461,5,2,62.17,69.4,,setup slot: keeps local average controlled
103,212,1,101-150,1,1,101-105,3,setup_3,60.01,普通,中型多色双轴对称图腾,纹样/双轴对称图腾,405,5,3,62.17,69.4,,setup slot: keeps local average controlled
104,254,1,101-150,1,1,101-105,4,setup_4,63.49,普通,小型多色左右对称徽章,纹样/左右对称徽章,343,4,4,62.17,69.4,,setup slot: keeps local average controlled
105,201,1,101-150,1,1,101-105,5,challenge,69.46,困难,中型多色左右对称徽章,纹样/左右对称徽章,437,7,18,62.17,69.4,9.11,challenge slot: harder than the four setup levels
106,178,1,101-150,2,2,106-110,1,setup_1,63.95,普通,中型多色双轴对称图腾,纹样/双轴对称图腾,400,8,5,66.09,69.4,,setup slot: keeps local average controlled
107,128,1,101-150,2,2,106-110,2,setup_2,64.11,普通,中型多色双轴对称图腾,纹样/双轴对称图腾,625,5,6,66.09,69.4,,setup slot: keeps local average controlled
108,171,1,101-150,2,2,106-110,3,setup_3,65.82,困难,小型多色左右对称徽章,纹样/左右对称徽章,322,4,7,66.09,69.4,,setup slot: keeps local average controlled
109,340,1,101-150,2,2,106-110,4,setup_4,66.82,困难,中型多色简笔轮廓,图标/简笔轮廓,434,5,8,66.09,69.4,,setup slot: keeps local average controlled
110,333,1,101-150,2,2,106-110,5,challenge,69.73,困难,小型多色碎色拼贴图,纹样/碎色马赛克,298,5,23,66.09,69.4,4.56,challenge slot: harder than the four setup levels
111,139,1,101-150,3,3,111-115,1,setup_1,67.02,困难,小型多色双轴对称图腾,纹样/双轴对称图腾,306,6,9,68.2,69.4,,setup slot: keeps local average controlled
112,257,1,101-150,3,3,111-115,2,setup_2,67.74,困难,小型多色双轴对称图腾,纹样/双轴对称图腾,289,5,10,68.2,69.4,,setup slot: keeps local average controlled
113,245,1,101-150,3,3,111-115,3,setup_3,67.75,困难,中型多色双轴对称图腾,纹样/双轴对称图腾,400,6,11,68.2,69.4,,setup slot: keeps local average controlled
114,313,1,101-150,3,3,111-115,4,setup_4,68.33,困难,中型多色环形纹章,纹样/环形纹章,503,6,12,68.2,69.4,,setup slot: keeps local average controlled
115,328,1,101-150,3,3,111-115,5,challenge,70.14,困难,中型多色横幅长卷,构图/横幅长卷,546,6,28,68.2,69.4,2.43,challenge slot: harder than the four setup levels
116,329,1,101-150,4,4,116-120,1,setup_1,68.83,困难,小型多色左右对称徽章,纹样/左右对称徽章,348,4,13,69.37,69.4,,setup slot: keeps local average controlled
117,127,1,101-150,4,4,116-120,2,setup_2,68.84,困难,小型多色左右对称徽章,纹样/左右对称徽章,347,5,14,69.37,69.4,,setup slot: keeps local average controlled
118,282,1,101-150,4,4,116-120,3,setup_3,69.07,困难,中型多色镂空对称图腾,纹样/镂空图腾,440,5,15,69.37,69.4,,setup slot: keeps local average controlled
119,226,1,101-150,4,4,116-120,4,setup_4,69.21,困难,中型多色左右对称徽章,纹样/左右对称徽章,794,4,16,69.37,69.4,,setup slot: keeps local average controlled
120,126,1,101-150,4,4,116-120,5,challenge,70.9,困难,中型高彩双轴对称图腾,纹样/双轴对称图腾,576,9,33,69.37,69.4,1.91,challenge slot: harder than the four setup levels
121,349,1,101-150,5,5,121-125,1,setup_1,69.22,困难,中型多色简笔轮廓,图标/简笔轮廓,458,5,17,69.95,69.4,,setup slot: keeps local average controlled
122,308,1,101-150,5,5,121-125,2,setup_2,69.46,困难,中型多色环形纹章,纹样/环形纹章,504,5,19,69.95,69.4,,setup slot: keeps local average controlled
123,295,1,101-150,5,5,121-125,3,setup_3,69.53,困难,中型多色双轴对称图腾,纹样/双轴对称图腾,437,6,20,69.95,69.4,,setup slot: keeps local average controlled
124,334,1,101-150,5,5,121-125,4,setup_4,69.69,困难,小型多色双轴对称图腾,纹样/双轴对称图腾,340,6,21,69.95,69.4,,setup slot: keeps local average controlled
125,190,1,101-150,5,5,121-125,5,challenge,71.87,困难,中型多色简笔轮廓,图标/简笔轮廓,604,5,38,69.95,69.4,2.4,challenge slot: harder than the four setup levels
126,217,1,101-150,6,6,126-130,1,setup_1,69.71,困难,中型多色双轴对称图腾,纹样/双轴对称图腾,504,4,22,70.34,69.4,,setup slot: keeps local average controlled
127,119,1,101-150,6,6,126-130,2,setup_2,69.76,困难,小型多色双轴对称图腾,纹样/双轴对称图腾,268,6,24,70.34,69.4,,setup slot: keeps local average controlled
128,170,1,101-150,6,6,126-130,3,setup_3,69.8,困难,中型多色简笔轮廓,图标/简笔轮廓,696,5,25,70.34,69.4,,setup slot: keeps local average controlled
129,151,1,101-150,6,6,126-130,4,setup_4,70.09,困难,小型多色普通拼豆图,图案/普通拼豆图,345,7,26,70.34,69.4,,setup slot: keeps local average controlled
130,219,1,101-150,6,6,126-130,5,challenge,72.34,困难,中型多色横向拼豆图,图案/普通拼豆图,734,6,43,70.34,69.4,2.5,challenge slot: harder than the four setup levels
131,300,1,101-150,7,7,131-135,1,setup_1,70.14,困难,中型多色双轴对称图腾,纹样/双轴对称图腾,625,6,27,70.87,69.4,,setup slot: keeps local average controlled
132,252,1,101-150,7,7,131-135,2,setup_2,70.25,困难,中型多色双轴对称图腾,纹样/双轴对称图腾,528,5,29,70.87,69.4,,setup slot: keeps local average controlled
133,284,1,101-150,7,7,131-135,3,setup_3,70.38,困难,小型多色简笔轮廓,图标/简笔轮廓,339,5,30,70.87,69.4,,setup slot: keeps local average controlled
134,133,1,101-150,7,7,131-135,4,setup_4,70.54,困难,中型多色双轴对称图腾,纹样/双轴对称图腾,625,6,31,70.87,69.4,,setup slot: keeps local average controlled
135,207,1,101-150,7,7,131-135,5,challenge,73.05,困难,中型高彩双轴对称图腾,纹样/双轴对称图腾,361,9,48,70.87,69.4,2.72,challenge slot: harder than the four setup levels
136,191,1,101-150,8,8,136-140,1,setup_1,70.86,困难,中型多色双轴对称图腾,纹样/双轴对称图腾,688,6,32,71.61,69.4,,setup slot: keeps local average controlled
137,198,1,101-150,8,8,136-140,2,setup_2,70.93,困难,中型多色双轴对称图腾,纹样/双轴对称图腾,544,3,34,71.61,69.4,,setup slot: keeps local average controlled
138,294,1,101-150,8,8,136-140,3,setup_3,71.41,困难,中型多色双轴对称图腾,纹样/双轴对称图腾,396,5,35,71.61,69.4,,setup slot: keeps local average controlled
139,255,1,101-150,8,8,136-140,4,setup_4,71.54,困难,中型多色双轴对称图腾,纹样/双轴对称图腾,750,7,36,71.61,69.4,,setup slot: keeps local average controlled
140,117,1,101-150,8,8,136-140,5,challenge,73.32,困难,中型多色饱满拼豆图,图案/普通拼豆图,692,6,53,71.61,69.4,2.13,challenge slot: harder than the four setup levels
141,286,1,101-150,9,9,141-145,1,setup_1,71.64,困难,中型多色对称拼豆图,图案/普通拼豆图,712,6,37,72.43,69.4,,setup slot: keeps local average controlled
142,173,1,101-150,9,9,141-145,2,setup_2,71.91,困难,小型多色环形纹章,纹样/环形纹章,274,7,39,72.43,69.4,,setup slot: keeps local average controlled
143,137,1,101-150,9,9,141-145,3,setup_3,72.1,困难,小型多色双轴对称图腾,纹样/双轴对称图腾,309,5,40,72.43,69.4,,setup slot: keeps local average controlled
144,260,1,101-150,9,9,141-145,4,setup_4,72.14,困难,中型多色左右对称徽章,纹样/左右对称徽章,493,6,41,72.43,69.4,,setup slot: keeps local average controlled
145,272,1,101-150,9,9,141-145,5,challenge,74.34,困难,中型高彩双轴对称图腾,纹样/双轴对称图腾,416,10,58,72.43,69.4,2.39,challenge slot: harder than the four setup levels
146,277,1,101-150,10,10,146-150,1,setup_1,72.19,困难,中型多色双轴对称图腾,纹样/双轴对称图腾,441,6,42,72.98,69.4,,setup slot: keeps local average controlled
147,122,1,101-150,10,10,146-150,2,setup_2,72.49,困难,中型多色双轴对称图腾,纹样/双轴对称图腾,450,5,44,72.98,69.4,,setup slot: keeps local average controlled
148,261,1,101-150,10,10,146-150,3,setup_3,72.65,困难,中型多色双轴对称图腾,纹样/双轴对称图腾,480,6,45,72.98,69.4,,setup slot: keeps local average controlled
149,265,1,101-150,10,10,146-150,4,setup_4,72.9,困难,中型多色双轴对称图腾,纹样/双轴对称图腾,841,4,46,72.98,69.4,,setup slot: keeps local average controlled
150,206,1,101-150,10,10,146-150,5,challenge,74.66,困难,小型多色镂空对称图腾,纹样/镂空图腾,343,8,63,72.98,69.4,2.1,challenge slot: harder than the four setup levels
151,149,2,151-200,11,1,151-155,1,setup_1,72.92,困难,中型多色双轴对称图腾,纹样/双轴对称图腾,625,7,47,73.52,75.57,,setup slot: keeps local average controlled
152,121,2,151-200,11,1,151-155,2,setup_2,73.14,困难,超大型多色双轴对称图腾,纹样/双轴对称图腾,1840,7,49,73.52,75.57,,setup slot: keeps local average controlled
153,148,2,151-200,11,1,151-155,3,setup_3,73.18,困难,超大型多色双轴对称图腾,纹样/双轴对称图腾,2025,8,50,73.52,75.57,,setup slot: keeps local average controlled
154,194,2,151-200,11,1,151-155,4,setup_4,73.22,困难,中型高彩左右对称徽章,纹样/左右对称徽章,608,9,51,73.52,75.57,,setup slot: keeps local average controlled
155,332,2,151-200,11,1,151-155,5,challenge,75.16,困难,中型多色双轴对称图腾,纹样/双轴对称图腾,621,6,68,73.52,75.57,2.04,challenge slot: harder than the four setup levels
156,253,2,151-200,12,2,156-160,1,setup_1,73.24,困难,中型多色左右对称徽章,纹样/左右对称徽章,515,4,52,74.0,75.57,,setup slot: keeps local average controlled
157,180,2,151-200,12,2,156-160,2,setup_2,73.35,困难,中型多色双轴对称图腾,纹样/双轴对称图腾,506,5,54,74.0,75.57,,setup slot: keeps local average controlled
158,256,2,151-200,12,2,156-160,3,setup_3,74.01,困难,中型多色双轴对称图腾,纹样/双轴对称图腾,750,8,55,74.0,75.57,,setup slot: keeps local average controlled
159,339,2,151-200,12,2,156-160,4,setup_4,74.04,困难,中型多色双轴对称图腾,纹样/双轴对称图腾,702,6,56,74.0,75.57,,setup slot: keeps local average controlled
160,109,2,151-200,12,2,156-160,5,challenge,75.36,困难,中型多色双轴对称图腾,纹样/双轴对称图腾,576,7,73,74.0,75.57,1.7,challenge slot: harder than the four setup levels
161,324,2,151-200,13,3,161-165,1,setup_1,74.14,困难,小型多色双轴对称图腾,纹样/双轴对称图腾,342,7,57,74.7,75.57,,setup slot: keeps local average controlled
162,104,2,151-200,13,3,161-165,2,setup_2,74.36,困难,中型多色环形纹章,纹样/环形纹章,730,4,59,74.7,75.57,,setup slot: keeps local average controlled
163,131,2,151-200,13,3,161-165,3,setup_3,74.42,困难,小型多色左右对称徽章,纹样/左右对称徽章,329,7,60,74.7,75.57,,setup slot: keeps local average controlled
164,271,2,151-200,13,3,161-165,4,setup_4,74.6,困难,中型多色双轴对称图腾,纹样/双轴对称图腾,462,8,61,74.7,75.57,,setup slot: keeps local average controlled
165,276,2,151-200,13,3,161-165,5,challenge,75.99,困难,中型高彩双轴对称图腾,纹样/双轴对称图腾,468,9,78,74.7,75.57,1.61,challenge slot: harder than the four setup levels
166,140,2,151-200,14,4,166-170,1,setup_1,74.61,困难,小型多色对称拼豆图,图案/普通拼豆图,258,7,62,75.07,75.57,,setup slot: keeps local average controlled
167,299,2,151-200,14,4,166-170,2,setup_2,74.77,困难,中型多色双轴对称图腾,纹样/双轴对称图腾,500,6,64,75.07,75.57,,setup slot: keeps local average controlled
168,182,2,151-200,14,4,166-170,3,setup_3,74.81,困难,中型多色普通拼豆图,图案/普通拼豆图,683,6,65,75.07,75.57,,setup slot: keeps local average controlled
169,213,2,151-200,14,4,166-170,4,setup_4,74.86,困难,中型多色双轴对称图腾,纹样/双轴对称图腾,594,5,66,75.07,75.57,,setup slot: keeps local average controlled
170,124,2,151-200,14,4,166-170,5,challenge,76.31,困难,大型高彩双轴对称图腾,纹样/双轴对称图腾,1600,9,83,75.07,75.57,1.55,challenge slot: harder than the four setup levels
171,275,2,151-200,15,5,171-175,1,setup_1,75.07,困难,中型多色普通拼豆图,图案/普通拼豆图,455,7,67,75.48,75.57,,setup slot: keeps local average controlled
172,181,2,151-200,15,5,171-175,2,setup_2,75.24,困难,中型多色碎色拼贴图,纹样/碎色马赛克,515,4,69,75.48,75.57,,setup slot: keeps local average controlled
173,168,2,151-200,15,5,171-175,3,setup_3,75.25,困难,中型高彩双轴对称图腾,纹样/双轴对称图腾,576,9,70,75.48,75.57,,setup slot: keeps local average controlled
174,293,2,151-200,15,5,171-175,4,setup_4,75.3,困难,中型多色环形纹章,纹样/环形纹章,542,7,71,75.48,75.57,,setup slot: keeps local average controlled
175,287,2,151-200,15,5,171-175,5,challenge,76.52,困难,中型多色双轴对称图腾,纹样/双轴对称图腾,551,6,88,75.48,75.57,1.3,challenge slot: harder than the four setup levels
176,112,2,151-200,16,6,176-180,1,setup_1,75.32,困难,大型多色双轴对称图腾,纹样/双轴对称图腾,1080,7,72,75.91,75.57,,setup slot: keeps local average controlled
177,292,2,151-200,16,6,176-180,2,setup_2,75.58,困难,中型多色双轴对称图腾,纹样/双轴对称图腾,702,7,74,75.91,75.57,,setup slot: keeps local average controlled
178,229,2,151-200,16,6,176-180,3,setup_3,75.75,困难,中型多色左右对称徽章,纹样/左右对称徽章,456,7,75,75.91,75.57,,setup slot: keeps local average controlled
179,341,2,151-200,16,6,176-180,4,setup_4,75.88,困难,中型多色左右对称徽章,纹样/左右对称徽章,758,8,76,75.91,75.57,,setup slot: keeps local average controlled
180,304,2,151-200,16,6,176-180,5,challenge,77.01,困难,中型多色左右对称徽章,纹样/左右对称徽章,668,6,93,75.91,75.57,1.38,challenge slot: harder than the four setup levels
181,141,2,151-200,17,7,181-185,1,setup_1,75.92,困难,大型多色双轴对称图腾,纹样/双轴对称图腾,1681,7,77,76.29,75.57,,setup slot: keeps local average controlled
182,107,2,151-200,17,7,181-185,2,setup_2,76.01,困难,中型多色环形纹章,纹样/环形纹章,701,7,79,76.29,75.57,,setup slot: keeps local average controlled
183,240,2,151-200,17,7,181-185,3,setup_3,76.11,困难,大型多色简笔轮廓,图标/简笔轮廓,1262,5,80,76.29,75.57,,setup slot: keeps local average controlled
184,330,2,151-200,17,7,181-185,4,setup_4,76.21,困难,中型高彩双轴对称图腾,纹样/双轴对称图腾,552,9,81,76.29,75.57,,setup slot: keeps local average controlled
185,152,2,151-200,17,7,181-185,5,challenge,77.2,困难,大型多色左右对称徽章,纹样/左右对称徽章,1581,5,98,76.29,75.57,1.14,challenge slot: harder than the four setup levels
186,142,2,151-200,18,8,186-190,1,setup_1,76.25,困难,超大型多色双轴对称图腾,纹样/双轴对称图腾,2025,8,82,76.58,75.57,,setup slot: keeps local average controlled
187,242,2,151-200,18,8,186-190,2,setup_2,76.34,困难,中型多色双轴对称图腾,纹样/双轴对称图腾,448,8,84,76.58,75.57,,setup slot: keeps local average controlled
188,154,2,151-200,18,8,186-190,3,setup_3,76.35,困难,中型多色环形纹章,纹样/环形纹章,538,6,85,76.58,75.57,,setup slot: keeps local average controlled
189,336,2,151-200,18,8,186-190,4,setup_4,76.37,困难,中型多色双轴对称图腾,纹样/双轴对称图腾,520,7,86,76.58,75.57,,setup slot: keeps local average controlled
190,250,2,151-200,18,8,186-190,5,challenge,77.59,困难,中型多色环形纹章,纹样/环形纹章,455,8,103,76.58,75.57,1.26,challenge slot: harder than the four setup levels
191,290,2,151-200,19,9,191-195,1,setup_1,76.39,困难,中型多色饱满拼豆图,图案/普通拼豆图,720,6,87,76.86,75.57,,setup slot: keeps local average controlled
192,301,2,151-200,19,9,191-195,2,setup_2,76.55,困难,中型多色双轴对称图腾,纹样/双轴对称图腾,550,6,89,76.86,75.57,,setup slot: keeps local average controlled
193,120,2,151-200,19,9,191-195,3,setup_3,76.74,困难,中型高彩环形纹章（左右对称）,纹样/环形纹章,688,9,90,76.86,75.57,,setup slot: keeps local average controlled
194,166,2,151-200,19,9,191-195,4,setup_4,76.89,困难,中型高彩双轴对称图腾,纹样/双轴对称图腾,729,9,91,76.86,75.57,,setup slot: keeps local average controlled
195,307,2,151-200,19,9,191-195,5,challenge,77.74,困难,中型多色双轴对称图腾,纹样/双轴对称图腾,529,8,108,76.86,75.57,1.1,challenge slot: harder than the four setup levels
196,320,2,151-200,20,10,196-200,1,setup_1,76.91,困难,中型多色对称拼豆图,图案/普通拼豆图,551,7,92,77.29,75.57,,setup slot: keeps local average controlled
197,111,2,151-200,20,10,196-200,2,setup_2,77.05,困难,大型多色双轴对称图腾,纹样/双轴对称图腾,1225,8,94,77.29,75.57,,setup slot: keeps local average controlled
198,138,2,151-200,20,10,196-200,3,setup_3,77.12,困难,中型多色双轴对称图腾,纹样/双轴对称图腾,625,8,95,77.29,75.57,,setup slot: keeps local average controlled
199,325,2,151-200,20,10,196-200,4,setup_4,77.14,困难,中型多色饱满拼豆图,图案/普通拼豆图,853,6,96,77.29,75.57,,setup slot: keeps local average controlled
200,319,2,151-200,20,10,196-200,5,challenge,78.22,专家,中型多色双轴对称图腾,纹样/双轴对称图腾,570,7,113,77.29,75.57,1.16,challenge slot: harder than the four setup levels
201,305,3,201-250,21,1,201-205,1,setup_1,77.16,困难,中型多色左右对称徽章,纹样/左右对称徽章,572,5,97,77.53,78.98,,setup slot: keeps local average controlled
202,105,3,201-250,21,1,201-205,2,setup_2,77.29,困难,中型多色双轴对称图腾,纹样/双轴对称图腾,576,8,99,77.53,78.98,,setup slot: keeps local average controlled
203,102,3,201-250,21,1,201-205,3,setup_3,77.32,困难,中型多色普通拼豆图,图案/普通拼豆图,409,7,100,77.53,78.98,,setup slot: keeps local average controlled
204,323,3,201-250,21,1,201-205,4,setup_4,77.33,困难,大型多色普通拼豆图,图案/普通拼豆图,1563,6,101,77.53,78.98,,setup slot: keeps local average controlled
205,114,3,201-250,21,1,201-205,5,challenge,78.53,专家,大型多色双轴对称图腾,纹样/双轴对称图腾,1600,8,118,77.53,78.98,1.25,challenge slot: harder than the four setup levels
206,153,3,201-250,22,2,206-210,1,setup_1,77.54,困难,大型多色左右对称徽章,纹样/左右对称徽章,1431,6,102,77.83,78.98,,setup slot: keeps local average controlled
207,262,3,201-250,22,2,206-210,2,setup_2,77.59,困难,中型多色双轴对称图腾,纹样/双轴对称图腾,552,7,104,77.83,78.98,,setup slot: keeps local average controlled
208,233,3,201-250,22,2,206-210,3,setup_3,77.64,困难,中型多色双轴对称图腾,纹样/双轴对称图腾,546,8,105,77.83,78.98,,setup slot: keeps local average controlled
209,303,3,201-250,22,2,206-210,4,setup_4,77.68,困难,中型多色左右对称徽章,纹样/左右对称徽章,729,5,106,77.83,78.98,,setup slot: keeps local average controlled
210,160,3,201-250,22,2,206-210,5,challenge,78.7,专家,中型多色左右对称徽章,纹样/左右对称徽章,620,6,123,77.83,78.98,1.09,challenge slot: harder than the four setup levels
211,259,3,201-250,23,3,211-215,1,setup_1,77.69,困难,中型多色左右对称徽章,纹样/左右对称徽章,525,7,107,78.12,78.98,,setup slot: keeps local average controlled
212,118,3,201-250,23,3,211-215,2,setup_2,77.84,困难,中型高彩双轴对称图腾,纹样/双轴对称图腾,676,9,109,78.12,78.98,,setup slot: keeps local average controlled
213,232,3,201-250,23,3,211-215,3,setup_3,78.06,专家,中型多色左右对称徽章,纹样/左右对称徽章,634,6,110,78.12,78.98,,setup slot: keeps local average controlled
214,263,3,201-250,23,3,211-215,4,setup_4,78.06,专家,中型多色环形纹章,纹样/环形纹章,526,5,111,78.12,78.98,,setup slot: keeps local average controlled
215,192,3,201-250,23,3,211-215,5,challenge,78.96,专家,中型高彩环形纹章,纹样/环形纹章,420,9,128,78.12,78.98,1.05,challenge slot: harder than the four setup levels
216,103,3,201-250,24,4,216-220,1,setup_1,78.09,专家,中型多色饱满拼豆图,图案/普通拼豆图,814,8,112,78.51,78.98,,setup slot: keeps local average controlled
217,116,3,201-250,24,4,216-220,2,setup_2,78.25,专家,中型高彩饱满拼豆图,图案/普通拼豆图,562,9,114,78.51,78.98,,setup slot: keeps local average controlled
218,269,3,201-250,24,4,216-220,3,setup_3,78.34,专家,中型多色双轴对称图腾,纹样/双轴对称图腾,810,7,115,78.51,78.98,,setup slot: keeps local average controlled
219,237,3,201-250,24,4,216-220,4,setup_4,78.35,专家,中型多色普通拼豆图,图案/普通拼豆图,735,7,116,78.51,78.98,,setup slot: keeps local average controlled
220,179,3,201-250,24,4,216-220,5,challenge,79.54,专家,中型多色左右对称徽章,纹样/左右对称徽章,586,6,133,78.51,78.98,1.28,challenge slot: harder than the four setup levels
221,241,3,201-250,25,5,221-225,1,setup_1,78.48,专家,中型高彩普通拼豆图,图案/普通拼豆图,610,9,117,78.82,78.98,,setup slot: keeps local average controlled
222,344,3,201-250,25,5,221-225,2,setup_2,78.53,专家,中型多色左右对称徽章,纹样/左右对称徽章,535,8,119,78.82,78.98,,setup slot: keeps local average controlled
223,225,3,201-250,25,5,221-225,3,setup_3,78.62,专家,中型多色双轴对称图腾,纹样/双轴对称图腾,809,6,120,78.82,78.98,,setup slot: keeps local average controlled
224,167,3,201-250,25,5,221-225,4,setup_4,78.64,专家,中型高彩双轴对称图腾,纹样/双轴对称图腾,725,9,121,78.82,78.98,,setup slot: keeps local average controlled
225,174,3,201-250,25,5,221-225,5,challenge,79.85,专家,中型高彩普通拼豆图,图案/普通拼豆图,619,10,138,78.82,78.98,1.28,challenge slot: harder than the four setup levels
226,268,3,201-250,26,6,226-230,1,setup_1,78.64,专家,中型多色横幅长卷,构图/横幅长卷,463,7,122,79.03,78.98,,setup slot: keeps local average controlled
227,274,3,201-250,26,6,226-230,2,setup_2,78.8,专家,中型高彩环形纹章（左右对称）,纹样/环形纹章,546,10,124,79.03,78.98,,setup slot: keeps local average controlled
228,115,3,201-250,26,6,226-230,3,setup_3,78.82,专家,中型高彩双轴对称图腾,纹样/双轴对称图腾,489,9,125,79.03,78.98,,setup slot: keeps local average controlled
229,215,3,201-250,26,6,226-230,4,setup_4,78.82,专家,大型多色环形纹章,纹样/环形纹章,944,8,126,79.03,78.98,,setup slot: keeps local average controlled
230,211,3,201-250,26,6,226-230,5,challenge,80.08,专家,中型多色碎色拼贴图,纹样/碎色马赛克,547,6,143,79.03,78.98,1.31,challenge slot: harder than the four setup levels
231,327,3,201-250,27,7,231-235,1,setup_1,78.91,专家,中型多色环形纹章,纹样/环形纹章,837,4,127,79.44,78.98,,setup slot: keeps local average controlled
232,228,3,201-250,27,7,231-235,2,setup_2,79.02,专家,中型多色环形纹章,纹样/环形纹章,623,5,129,79.44,78.98,,setup slot: keeps local average controlled
233,218,3,201-250,27,7,231-235,3,setup_3,79.47,专家,中型多色双轴对称图腾,纹样/双轴对称图腾,870,8,130,79.44,78.98,,setup slot: keeps local average controlled
234,193,3,201-250,27,7,231-235,4,setup_4,79.51,专家,中型多色简笔轮廓,图标/简笔轮廓,882,4,131,79.44,78.98,,setup slot: keeps local average controlled
235,145,3,201-250,27,7,231-235,5,challenge,80.31,专家,中型多色普通拼豆图,图案/普通拼豆图,542,8,148,79.44,78.98,1.08,challenge slot: harder than the four setup levels
236,306,3,201-250,28,8,236-240,1,setup_1,79.53,专家,中型多色普通拼豆图,图案/普通拼豆图,619,7,132,79.9,78.98,,setup slot: keeps local average controlled
237,285,3,201-250,28,8,236-240,2,setup_2,79.63,专家,中型多色双轴对称图腾,纹样/双轴对称图腾,812,6,134,79.9,78.98,,setup slot: keeps local average controlled
238,248,3,201-250,28,8,236-240,3,setup_3,79.75,专家,中型高彩双轴对称图腾,纹样/双轴对称图腾,550,9,135,79.9,78.98,,setup slot: keeps local average controlled
239,108,3,201-250,28,8,236-240,4,setup_4,79.81,专家,中型多色普通拼豆图,图案/普通拼豆图,653,7,136,79.9,78.98,,setup slot: keeps local average controlled
240,220,3,201-250,28,8,236-240,5,challenge,80.76,专家,中型多色双轴对称图腾,纹样/双轴对称图腾,756,7,153,79.9,78.98,1.08,challenge slot: harder than the four setup levels
241,195,3,201-250,29,9,241-245,1,setup_1,79.83,专家,中型高彩双轴对称图腾,纹样/双轴对称图腾,600,9,137,80.17,78.98,,setup slot: keeps local average controlled
242,247,3,201-250,29,9,241-245,2,setup_2,79.87,专家,中型多色满版色块图,构图/满版色块,783,6,139,80.17,78.98,,setup slot: keeps local average controlled
243,130,3,201-250,29,9,241-245,3,setup_3,79.94,专家,大型高彩双轴对称图腾,纹样/双轴对称图腾,1170,10,140,80.17,78.98,,setup slot: keeps local average controlled
244,165,3,201-250,29,9,241-245,4,setup_4,80.05,专家,中型多色双轴对称图腾,纹样/双轴对称图腾,575,7,141,80.17,78.98,,setup slot: keeps local average controlled
245,172,3,201-250,29,9,241-245,5,challenge,81.14,专家,中型多色镂空对称图腾,纹样/镂空图腾,568,6,158,80.17,78.98,1.22,challenge slot: harder than the four setup levels
246,183,3,201-250,30,10,246-250,1,setup_1,80.08,专家,中型多色普通拼豆图,图案/普通拼豆图,468,7,142,80.4,78.98,,setup slot: keeps local average controlled
247,146,3,201-250,30,10,246-250,2,setup_2,80.1,专家,大型高彩双轴对称图腾,纹样/双轴对称图腾,1392,11,144,80.4,78.98,,setup slot: keeps local average controlled
248,314,3,201-250,30,10,246-250,3,setup_3,80.14,专家,中型高彩环形纹章（左右对称）,纹样/环形纹章,526,9,145,80.4,78.98,,setup slot: keeps local average controlled
249,312,3,201-250,30,10,246-250,4,setup_4,80.16,专家,大型多色横幅长卷,构图/横幅长卷,1091,4,146,80.4,78.98,,setup slot: keeps local average controlled
250,309,3,201-250,30,10,246-250,5,challenge,81.51,专家,中型多色左右对称徽章,纹样/左右对称徽章,568,7,163,80.4,78.98,1.39,challenge slot: harder than the four setup levels
251,188,4,251-300,31,1,251-255,1,setup_1,80.26,专家,中型多色双轴对称图腾,纹样/双轴对称图腾,483,7,147,80.72,83.15,,setup slot: keeps local average controlled
252,132,4,251-300,31,1,251-255,2,setup_2,80.33,专家,大型高彩双轴对称图腾,纹样/双轴对称图腾,992,10,149,80.72,83.15,,setup slot: keeps local average controlled
253,239,4,251-300,31,1,251-255,3,setup_3,80.49,专家,中型高彩环形纹章,纹样/环形纹章,400,10,150,80.72,83.15,,setup slot: keeps local average controlled
254,158,4,251-300,31,1,251-255,4,setup_4,80.57,专家,中型高彩碎色拼贴图,纹样/碎色马赛克,542,9,151,80.72,83.15,,setup slot: keeps local average controlled
255,125,4,251-300,31,1,251-255,5,challenge,81.93,专家,小型高彩双轴对称图腾,纹样/双轴对称图腾,347,11,168,80.72,83.15,1.52,challenge slot: harder than the four setup levels
256,331,4,251-300,32,2,256-260,1,setup_1,80.67,专家,中型多色双轴对称图腾,纹样/双轴对称图腾,609,6,152,81.17,83.15,,setup slot: keeps local average controlled
257,335,4,251-300,32,2,256-260,2,setup_2,80.78,专家,中型多色双轴对称图腾,纹样/双轴对称图腾,630,6,154,81.17,83.15,,setup slot: keeps local average controlled
258,162,4,251-300,32,2,256-260,3,setup_3,80.91,专家,中型高彩双轴对称图腾,纹样/双轴对称图腾,529,10,155,81.17,83.15,,setup slot: keeps local average controlled
259,143,4,251-300,32,2,256-260,4,setup_4,80.92,专家,中型高彩双轴对称图腾,纹样/双轴对称图腾,396,10,156,81.17,83.15,,setup slot: keeps local average controlled
260,106,4,251-300,32,2,256-260,5,challenge,82.59,专家,中型高彩碎色拼贴图,纹样/碎色马赛克,709,10,173,81.17,83.15,1.77,challenge slot: harder than the four setup levels
261,134,4,251-300,33,3,261-265,1,setup_1,80.95,专家,中型高彩双轴对称图腾,纹样/双轴对称图腾,411,9,157,81.67,83.15,,setup slot: keeps local average controlled
262,273,4,251-300,33,3,261-265,2,setup_2,81.22,专家,中型多色环形纹章,纹样/环形纹章,667,6,159,81.67,83.15,,setup slot: keeps local average controlled
263,346,4,251-300,33,3,261-265,3,setup_3,81.32,专家,中型多色竖幅立像,构图/竖幅立像,768,8,160,81.67,83.15,,setup slot: keeps local average controlled
264,231,4,251-300,33,3,261-265,4,setup_4,81.43,专家,中型多色普通拼豆图,图案/普通拼豆图,778,6,161,81.67,83.15,,setup slot: keeps local average controlled
265,342,4,251-300,33,3,261-265,5,challenge,83.43,专家,大型多色简笔轮廓,图标/简笔轮廓,923,5,178,81.67,83.15,2.2,challenge slot: harder than the four setup levels
266,144,4,251-300,34,4,266-270,1,setup_1,81.44,专家,中型高彩双轴对称图腾,纹样/双轴对称图腾,625,12,162,82.14,83.15,,setup slot: keeps local average controlled
267,251,4,251-300,34,4,266-270,2,setup_2,81.76,专家,中型高彩双轴对称图腾,纹样/双轴对称图腾,535,9,164,82.14,83.15,,setup slot: keeps local average controlled
268,264,4,251-300,34,4,266-270,3,setup_3,81.79,专家,中型多色镂空对称图腾,纹样/镂空图腾,550,7,165,82.14,83.15,,setup slot: keeps local average controlled
269,318,4,251-300,34,4,266-270,4,setup_4,81.81,专家,中型多色环形纹章,纹样/环形纹章,821,7,166,82.14,83.15,,setup slot: keeps local average controlled
270,136,4,251-300,34,4,266-270,5,challenge,83.88,专家,超大型高彩双轴对称图腾,纹样/双轴对称图腾,2025,10,183,82.14,83.15,2.18,challenge slot: harder than the four setup levels
271,343,4,251-300,35,5,271-275,1,setup_1,81.83,专家,中型高彩双轴对称图腾,纹样/双轴对称图腾,756,10,167,82.7,83.15,,setup slot: keeps local average controlled
272,270,4,251-300,35,5,271-275,2,setup_2,82.18,专家,中型高彩环形纹章,纹样/环形纹章,698,9,169,82.7,83.15,,setup slot: keeps local average controlled
273,208,4,251-300,35,5,271-275,3,setup_3,82.42,专家,中型高彩左右对称徽章,纹样/左右对称徽章,686,9,170,82.7,83.15,,setup slot: keeps local average controlled
274,147,4,251-300,35,5,271-275,4,setup_4,82.46,专家,中型高彩双轴对称图腾,纹样/双轴对称图腾,600,9,171,82.7,83.15,,setup slot: keeps local average controlled
275,185,4,251-300,35,5,271-275,5,challenge,84.63,专家,中型高彩双轴对称图腾,纹样/双轴对称图腾,552,9,188,82.7,83.15,2.41,challenge slot: harder than the four setup levels
276,123,4,251-300,36,6,276-280,1,setup_1,82.54,专家,中型高彩双轴对称图腾,纹样/双轴对称图腾,576,10,172,83.44,83.15,,setup slot: keeps local average controlled
277,110,4,251-300,36,6,276-280,2,setup_2,82.59,专家,中型高彩双轴对称图腾,纹样/双轴对称图腾,519,10,174,83.44,83.15,,setup slot: keeps local average controlled
278,279,4,251-300,36,6,276-280,3,setup_3,83.29,专家,中型多色左右对称徽章,纹样/左右对称徽章,513,8,175,83.44,83.15,,setup slot: keeps local average controlled
279,129,4,251-300,36,6,276-280,4,setup_4,83.38,专家,中型高彩双轴对称图腾,纹样/双轴对称图腾,625,10,176,83.44,83.15,,setup slot: keeps local average controlled
280,161,4,251-300,36,6,276-280,5,challenge,85.4,专家,大型高彩双轴对称图腾,纹样/双轴对称图腾,1050,11,193,83.44,83.15,2.45,challenge slot: harder than the four setup levels
281,311,4,251-300,37,7,281-285,1,setup_1,83.42,专家,大型多色左右对称徽章,纹样/左右对称徽章,1258,8,177,84.0,83.15,,setup slot: keeps local average controlled
282,135,4,251-300,37,7,281-285,2,setup_2,83.46,专家,中型高彩双轴对称图腾,纹样/双轴对称图腾,625,13,179,84.0,83.15,,setup slot: keeps local average controlled
283,150,4,251-300,37,7,281-285,3,setup_3,83.57,专家,小型高彩碎色拼贴图,纹样/碎色马赛克,335,13,180,84.0,83.15,,setup slot: keeps local average controlled
284,338,4,251-300,37,7,281-285,4,setup_4,83.59,专家,大型多色双轴对称图腾,纹样/双轴对称图腾,1406,8,181,84.0,83.15,,setup slot: keeps local average controlled
285,209,4,251-300,37,7,281-285,5,challenge,85.94,专家,大型多色普通拼豆图,图案/普通拼豆图,909,8,198,84.0,83.15,2.43,challenge slot: harder than the four setup levels
286,204,4,251-300,38,8,286-290,1,setup_1,83.61,专家,中型多色双轴对称图腾,纹样/双轴对称图腾,540,8,182,84.52,83.15,,setup slot: keeps local average controlled
287,200,4,251-300,38,8,286-290,2,setup_2,84.12,专家,大型高彩双轴对称图腾,纹样/双轴对称图腾,1440,9,184,84.52,83.15,,setup slot: keeps local average controlled
288,317,4,251-300,38,8,286-290,3,setup_3,84.13,专家,中型高彩左右对称徽章,纹样/左右对称徽章,623,11,185,84.52,83.15,,setup slot: keeps local average controlled
289,266,4,251-300,38,8,286-290,4,setup_4,84.22,专家,中型高彩双轴对称图腾,纹样/双轴对称图腾,696,9,186,84.52,83.15,,setup slot: keeps local average controlled
290,267,4,251-300,38,8,286-290,5,challenge,86.52,专家,中型多色双轴对称图腾,纹样/双轴对称图腾,810,6,203,84.52,83.15,2.5,challenge slot: harder than the four setup levels
291,310,4,251-300,39,9,291-295,1,setup_1,84.22,专家,大型多色左右对称徽章,纹样/左右对称徽章,1217,7,187,85.18,83.15,,setup slot: keeps local average controlled
292,175,4,251-300,39,9,291-295,2,setup_2,84.72,专家,中型高彩双轴对称图腾,纹样/双轴对称图腾,744,10,189,85.18,83.15,,setup slot: keeps local average controlled
293,238,4,251-300,39,9,291-295,3,setup_3,84.75,专家,中型高彩双轴对称图腾,纹样/双轴对称图腾,484,9,190,85.18,83.15,,setup slot: keeps local average controlled
294,157,4,251-300,39,9,291-295,4,setup_4,85.32,专家,大型多色普通拼豆图,图案/普通拼豆图,1414,8,191,85.18,83.15,,setup slot: keeps local average controlled
295,235,4,251-300,39,9,291-295,5,challenge,86.91,专家,中型高彩双轴对称图腾,纹样/双轴对称图腾,756,11,208,85.18,83.15,2.16,challenge slot: harder than the four setup levels
296,280,4,251-300,40,10,296-300,1,setup_1,85.35,专家,中型多色双轴对称图腾,纹样/双轴对称图腾,783,5,192,85.94,83.15,,setup slot: keeps local average controlled
297,221,4,251-300,40,10,296-300,2,setup_2,85.52,专家,中型高彩双轴对称图腾,纹样/双轴对称图腾,600,9,194,85.94,83.15,,setup slot: keeps local average controlled
298,281,4,251-300,40,10,296-300,3,setup_3,85.74,专家,中型高彩双轴对称图腾,纹样/双轴对称图腾,812,11,195,85.94,83.15,,setup slot: keeps local average controlled
299,288,4,251-300,40,10,296-300,4,setup_4,85.75,专家,中型高彩双轴对称图腾,纹样/双轴对称图腾,864,9,196,85.94,83.15,,setup slot: keeps local average controlled
300,187,4,251-300,40,10,296-300,5,challenge,87.36,专家,中型高彩普通拼豆图,图案/普通拼豆图,785,9,213,85.94,83.15,1.77,challenge slot: harder than the four setup levels
301,283,5,301-350,41,1,301-305,1,setup_1,85.82,专家,中型高彩左右对称徽章,纹样/左右对称徽章,581,9,197,86.44,90.75,,setup slot: keeps local average controlled
302,278,5,301-350,41,1,301-305,2,setup_2,85.94,专家,大型多色双轴对称图腾,纹样/双轴对称图腾,968,8,199,86.44,90.75,,setup slot: keeps local average controlled
303,224,5,301-350,41,1,301-305,3,setup_3,86.11,专家,大型多色环形纹章（左右对称）,纹样/环形纹章,1652,6,200,86.44,90.75,,setup slot: keeps local average controlled
304,243,5,301-350,41,1,301-305,4,setup_4,86.13,专家,中型多色双轴对称图腾,纹样/双轴对称图腾,775,7,201,86.44,90.75,,setup slot: keeps local average controlled
305,315,5,301-350,41,1,301-305,5,challenge,88.22,专家,大型多色纵向拼豆图,图案/普通拼豆图,1706,8,218,86.44,90.75,2.22,challenge slot: harder than the four setup levels
306,298,5,301-350,42,2,306-310,1,setup_1,86.48,专家,中型多色碎色拼贴图,纹样/碎色马赛克,850,7,202,87.26,90.75,,setup slot: keeps local average controlled
307,210,5,301-350,42,2,306-310,2,setup_2,86.6,专家,中型高彩双轴对称图腾,纹样/双轴对称图腾,526,12,204,87.26,90.75,,setup slot: keeps local average controlled
308,222,5,301-350,42,2,306-310,3,setup_3,86.67,专家,大型多色双轴对称图腾,纹样/双轴对称图腾,1480,7,205,87.26,90.75,,setup slot: keeps local average controlled
309,230,5,301-350,42,2,306-310,4,setup_4,86.75,专家,大型高彩双轴对称图腾,纹样/双轴对称图腾,1225,9,206,87.26,90.75,,setup slot: keeps local average controlled
310,186,5,301-350,42,2,306-310,5,challenge,89.82,专家,大型高彩对称拼豆图,图案/普通拼豆图,1139,10,223,87.26,90.75,3.19,challenge slot: harder than the four setup levels
311,189,5,301-350,43,3,311-315,1,setup_1,86.85,专家,中型多色双轴对称图腾,纹样/双轴对称图腾,784,8,207,87.84,90.75,,setup slot: keeps local average controlled
312,234,5,301-350,43,3,311-315,2,setup_2,86.99,专家,中型高彩双轴对称图腾,纹样/双轴对称图腾,841,9,209,87.84,90.75,,setup slot: keeps local average controlled
313,236,5,301-350,43,3,311-315,3,setup_3,87.08,专家,中型高彩碎色拼贴图,纹样/碎色马赛克,725,9,210,87.84,90.75,,setup slot: keeps local average controlled
314,316,5,301-350,43,3,311-315,4,setup_4,87.19,专家,大型多色左右对称徽章,纹样/左右对称徽章,1097,7,211,87.84,90.75,,setup slot: keeps local average controlled
315,155,5,301-350,43,3,311-315,5,challenge,91.08,超高压,大型高彩双轴对称图腾,纹样/双轴对称图腾,1640,11,228,87.84,90.75,4.05,challenge slot: harder than the four setup levels
316,113,5,301-350,44,4,316-320,1,setup_1,87.25,专家,大型高彩左右对称徽章,纹样/左右对称徽章,934,10,212,88.5,90.75,,setup slot: keeps local average controlled
317,337,5,301-350,44,4,316-320,2,setup_2,87.4,专家,中型高彩环形纹章（左右对称）,纹样/环形纹章,557,10,214,88.5,90.75,,setup slot: keeps local average controlled
318,203,5,301-350,44,4,316-320,3,setup_3,87.59,专家,中型多色双轴对称图腾,纹样/双轴对称图腾,812,7,215,88.5,90.75,,setup slot: keeps local average controlled
319,159,5,301-350,44,4,316-320,4,setup_4,88.03,专家,超大型多色双轴对称图腾,纹样/双轴对称图腾,2160,7,216,88.5,90.75,,setup slot: keeps local average controlled
320,205,5,301-350,44,4,316-320,5,challenge,92.22,超高压,大型多色环形纹章,纹样/环形纹章,1663,6,233,88.5,90.75,4.65,challenge slot: harder than the four setup levels
321,291,5,301-350,45,5,321-325,1,setup_1,88.13,专家,超大型多色双轴对称图腾,纹样/双轴对称图腾,2067,7,217,89.64,90.75,,setup slot: keeps local average controlled
322,196,5,301-350,45,5,321-325,2,setup_2,88.43,专家,中型高彩双轴对称图腾,纹样/双轴对称图腾,841,9,219,89.64,90.75,,setup slot: keeps local average controlled
323,177,5,301-350,45,5,321-325,3,setup_3,88.82,专家,超大型多色双轴对称图腾,纹样/双轴对称图腾,2352,6,220,89.64,90.75,,setup slot: keeps local average controlled
324,214,5,301-350,45,5,321-325,4,setup_4,88.98,专家,中型高彩双轴对称图腾,纹样/双轴对称图腾,812,11,221,89.64,90.75,,setup slot: keeps local average controlled
325,347,5,301-350,45,5,321-325,5,challenge,93.82,超高压,大型高彩对称拼豆图,图案/普通拼豆图,1141,9,238,89.64,90.75,5.23,challenge slot: harder than the four setup levels
326,350,5,301-350,46,6,326-330,1,setup_1,89.15,专家,大型多色纵向拼豆图,图案/普通拼豆图,1229,7,222,90.81,90.75,,setup slot: keeps local average controlled
327,101,5,301-350,46,6,326-330,2,setup_2,89.87,专家,中型高彩环形纹章（左右对称）,纹样/环形纹章,850,9,224,90.81,90.75,,setup slot: keeps local average controlled
328,164,5,301-350,46,6,326-330,3,setup_3,90.05,超高压,大型多色双轴对称图腾,纹样/双轴对称图腾,1575,8,225,90.81,90.75,,setup slot: keeps local average controlled
329,249,5,301-350,46,6,326-330,4,setup_4,90.16,超高压,中型高彩双轴对称图腾,纹样/双轴对称图腾,832,10,226,90.81,90.75,,setup slot: keeps local average controlled
330,176,5,301-350,46,6,326-330,5,challenge,94.83,超高压,超大型高彩双轴对称图腾,纹样/双轴对称图腾,2400,10,243,90.81,90.75,5.02,challenge slot: harder than the four setup levels
331,156,5,301-350,47,7,331-335,1,setup_1,90.96,超高压,大型高彩对称拼豆图,图案/普通拼豆图,1549,9,227,92.43,90.75,,setup slot: keeps local average controlled
332,322,5,301-350,47,7,331-335,2,setup_2,91.19,超高压,大型高彩双轴对称图腾,纹样/双轴对称图腾,1406,12,229,92.43,90.75,,setup slot: keeps local average controlled
333,184,5,301-350,47,7,331-335,3,setup_3,91.49,超高压,大型高彩双轴对称图腾,纹样/双轴对称图腾,1508,11,230,92.43,90.75,,setup slot: keeps local average controlled
334,297,5,301-350,47,7,331-335,4,setup_4,91.49,超高压,中型多色普通拼豆图,图案/普通拼豆图,892,8,231,92.43,90.75,,setup slot: keeps local average controlled
335,216,5,301-350,47,7,331-335,5,challenge,97.02,超高压,大型高彩环形纹章,纹样/环形纹章,1242,10,248,92.43,90.75,5.74,challenge slot: harder than the four setup levels
336,296,5,301-350,48,8,336-340,1,setup_1,91.6,超高压,中型高彩对称拼豆图,图案/普通拼豆图,798,10,232,94.4,90.75,,setup slot: keeps local average controlled
337,348,5,301-350,48,8,336-340,2,setup_2,92.3,超高压,超大型多色双轴对称图腾,纹样/双轴对称图腾,1840,8,234,94.4,90.75,,setup slot: keeps local average controlled
338,244,5,301-350,48,8,336-340,3,setup_3,92.61,超高压,中型高彩双轴对称图腾,纹样/双轴对称图腾,784,10,235,94.4,90.75,,setup slot: keeps local average controlled
339,345,5,301-350,48,8,336-340,4,setup_4,92.94,超高压,大型高彩满版色块图,构图/满版色块,941,9,236,94.4,90.75,,setup slot: keeps local average controlled
340,163,5,301-350,48,8,336-340,5,challenge,102.55,超高压,超大型高彩左右对称徽章,纹样/左右对称徽章,1948,11,250,94.4,90.75,10.19,challenge slot: harder than the four setup levels
341,223,5,301-350,49,9,341-345,1,setup_1,92.98,超高压,大型高彩双轴对称图腾,纹样/双轴对称图腾,1249,11,237,94.61,90.75,,setup slot: keeps local average controlled
342,258,5,301-350,49,9,341-345,2,setup_2,94.06,超高压,大型高彩环形纹章,纹样/环形纹章,1144,9,239,94.61,90.75,,setup slot: keeps local average controlled
343,227,5,301-350,49,9,341-345,3,setup_3,94.27,超高压,超大型高彩双轴对称图腾,纹样/双轴对称图腾,1806,9,240,94.61,90.75,,setup slot: keeps local average controlled
344,199,5,301-350,49,9,341-345,4,setup_4,94.53,超高压,超大型多色环形纹章,纹样/环形纹章,2084,7,241,94.61,90.75,,setup slot: keeps local average controlled
345,302,5,301-350,49,9,341-345,5,challenge,97.22,超高压,大型高彩满版色块图,构图/满版色块,1754,10,249,94.61,90.75,3.26,challenge slot: harder than the four setup levels
346,169,5,301-350,50,10,346-350,1,setup_1,94.69,超高压,大型高彩双轴对称图腾,纹样/双轴对称图腾,1596,12,242,95.58,90.75,,setup slot: keeps local average controlled
347,321,5,301-350,50,10,346-350,2,setup_2,95.36,超高压,大型高彩双轴对称图腾,纹样/双轴对称图腾,957,11,244,95.58,90.75,,setup slot: keeps local average controlled
348,202,5,301-350,50,10,346-350,3,setup_3,95.49,超高压,大型高彩双轴对称图腾,纹样/双轴对称图腾,1125,11,245,95.58,90.75,,setup slot: keeps local average controlled
349,289,5,301-350,50,10,346-350,4,setup_4,95.6,超高压,大型高彩左右对称徽章,纹样/左右对称徽章,1329,9,246,95.58,90.75,,setup slot: keeps local average controlled
350,197,5,301-350,50,10,346-350,5,challenge,96.74,超高压,大型高彩双轴对称图腾,纹样/双轴对称图腾,1406,12,247,95.58,90.75,1.45,challenge slot: harder than the four setup levels
